Unnamed: 0,9,10,11,12,13,M,Unnamed: 7,FM APO and NC Fee,Unnamed: 9,Unnamed: 10,Unnamed: 11,1,2,3,4,5,6,7,8,Unnamed: 20,Unnamed: 21,Unnamed: 22,Unnamed: 23,Unnamed: 24,"White = Input, Blue = formula, Green = lookup from this tab. NGS, and PTMT inputs should be cost plus markup (20% for NGS, 3% for PTMT). PostOne inputs should be PM CPP for 1-10lbs and PM Retail for 11-25lbs) RPD Inputs should be UPS Ground Comm Tariff.",Unnamed: 26,Unnamed: 27,Unnamed: 28,Unnamed: 29,Unnamed: 30,Unnamed: 31,Unnamed: 32,Unnamed: 33,Unnamed: 34,Unnamed: 35,Unnamed: 36,Unnamed: 37,Unnamed: 38
1,6.12,6.12,6.12,6.12,6.12,6.12,,6.12,,,UM,8.15,8.15,8.15,8.15,8.15,8.15,8.15,8.15,,UID,Shipper,Product,Weight,1.0,2.0,3.0,4.0,5.0,6.0,7.0,8.0,9.0,10.0,11.0,12.0,13.0,M
2,6.12,6.12,6.12,6.12,6.12,6.12,,6.12,,,,,,,,,,,,,NGS_Parcel_Select416,NGS,NGS_Parcel_Select,416,18.26,18.26,18.54,19.67,20.64,23.32,23.93,25.02,113.18,113.18,113.18,113.18,113.18,113.18
3,6.12,6.12,6.12,6.12,6.12,6.12,,6.12,,,,,,,,,,,,,NGS_Parcel_Select432,NGS,NGS_Parcel_Select,432,18.52,18.52,18.79,19.96,20.98,23.74,24.32,25.48,116.09,116.09,116.09,116.09,116.09,116.09
4,6.12,6.12,6.12,6.12,6.12,6.12,,6.12,,,,,,,,,,,,,NGS_Parcel_Select448,NGS,NGS_Parcel_Select,448,18.78,18.78,19.06,20.23,21.28,24.13,24.74,25.93,118.94,118.94,118.94,118.94,118.94,118.94
5,6.47,6.47,6.47,6.47,6.47,6.47,,6.47,,,,,,,,,,,,,NGS_Parcel_Select464,NGS,NGS_Parcel_Select,464,19.02,19.02,19.32,20.56,21.61,24.5,25.14,26.34,121.74,121.74,121.74,121.74,121.74,121.74
6,6.47,6.47,6.47,6.47,6.47,6.47,,6.47,,,,,,,,,,,,,NGS_Parcel_Select480,NGS,NGS_Parcel_Select,480,19.25,19.25,19.6,20.81,21.9,24.9,25.54,26.81,124.5,124.5,124.5,124.5,124.5,124.5
7,6.47,6.47,6.47,6.47,6.47,6.47,,6.47,,,,,,,,,,,,,NGS_Parcel_Select496,NGS,NGS_Parcel_Select,496,19.51,19.51,19.84,21.1,22.19,25.25,25.96,27.2,127.21,127.21,127.21,127.21,127.21,127.21
8,6.47,6.47,6.47,6.47,6.47,6.47,,6.47,,,,,,,,,,,,,NGS_Parcel_Select512,NGS,NGS_Parcel_Select,512,19.74,19.74,20.06,21.36,22.49,25.63,26.34,27.62,129.92,129.92,129.92,129.92,129.92,129.92
9,7.5,7.5,7.5,7.5,7.5,7.5,,7.5,,,,,,,,,,,,,NGS_Parcel_Select528,NGS,NGS_Parcel_Select,528,19.99,19.99,20.36,21.66,22.84,26.02,26.7,28.04,132.6,132.6,132.6,132.6,132.6,132.6
10,7.5,7.5,7.5,7.5,7.5,7.5,,7.5,,,,,,,,,,,,,NGS_Parcel_Select544,NGS,NGS_Parcel_Select,544,20.23,20.23,20.58,21.94,23.12,26.42,27.14,28.48,135.3,135.3,135.3,135.3,135.3,135.3
11,7.5,7.5,7.5,7.5,7.5,7.5,,7.5,,,,,,,,,,,,,NGS_Parcel_Select560,NGS,NGS_Parcel_Select,560,20.53,20.53,20.86,22.21,23.44,26.81,27.52,28.93,137.95,137.95,137.95,137.95,137.95,137.95
12,7.5,7.5,7.5,7.5,7.5,7.5,,7.5,,,,,,,,,,,,,NGS_Parcel_Select576,NGS,NGS_Parcel_Select,576,23.04,23.04,23.42,24.83,26.05,29.48,30.2,31.63,140.52,140.52,140.52,140.52,140.52,140.52
13,9.19,9.19,9.19,9.19,9.19,9.19,,9.19,,,,,,,,,,,,,NGS_Parcel_Select592,NGS,NGS_Parcel_Select,592,23.47,23.47,23.87,25.32,26.58,30.12,30.88,32.33,143.05,143.05,143.05,143.05,143.05,143.05
14,9.19,9.19,9.19,9.19,9.19,9.19,,9.19,,,,,,,,,,,,,NGS_Parcel_Select608,NGS,NGS_Parcel_Select,608,23.92,23.92,24.32,25.78,27.1,30.73,31.51,32.99,145.66,145.66,145.66,145.66,145.66,145.66
15,9.19,9.19,9.19,9.19,9.19,9.19,,9.19,,,,,,,,,,,,,NGS_Parcel_Select624,NGS,NGS_Parcel_Select,624,24.34,24.34,24.74,26.27,27.62,31.36,32.16,33.71,148.26,148.26,148.26,148.26,148.26,148.26
15.99,9.19,9.19,9.19,9.19,9.19,9.19,,9.19,,,,,,,,,,,,,NGS_Parcel_Select640,NGS,NGS_Parcel_Select,640,24.8,24.8,25.19,26.76,28.18,31.97,32.78,34.38,150.82,150.82,150.82,150.82,150.82,150.82
16,17.58,17.58,17.58,17.58,17.58,17.58,,17.58,,,,,,,,,,,,,NGS_Parcel_Select656,NGS,NGS_Parcel_Select,656,25.2,25.2,25.64,27.24,28.68,32.6,33.42,35.05,153.4,153.4,153.4,153.4,153.4,153.4
32,23.1,23.1,23.1,23.1,23.1,23.1,,23.1,,,,,,,,,,,,,NGS_Parcel_Select672,NGS,NGS_Parcel_Select,672,25.67,25.67,26.09,27.73,29.22,33.22,34.08,35.74,155.95,155.95,155.95,155.95,155.95,155.95
48,29.16,29.16,29.16,29.16,29.16,29.16,,29.16,,,,,,,,,,,,,NGS_Parcel_Select688,NGS,NGS_Parcel_Select,688,26.11,26.11,26.53,28.24,29.71,33.83,34.7,36.43,158.54,158.54,158.54,158.54,158.54,158.54
64,33.72,33.72,33.72,33.72,33.72,33.72,,33.72,,,,,,,,,,,,,NGS_Parcel_Select704,NGS,NGS_Parcel_Select,704,26.54,26.54,26.99,28.72,30.25,34.45,35.34,37.1,161.06,161.06,161.06,161.06,161.06,161.06
80,38.82,38.82,38.82,38.82,38.82,38.82,,38.82,,,,,,,,,,,,,NGS_Parcel_Select720,NGS,NGS_Parcel_Select,720,26.99,26.99,27.46,29.22,30.78,35.09,36.0,37.76,163.69,163.69,163.69,163.69,163.69,163.69
96,43.8,43.8,43.8,43.8,43.8,43.8,,43.8,,,,,,,,,,,,,NGS_Parcel_Select736,NGS,NGS_Parcel_Select,736,27.44,27.44,27.9,29.7,31.3,35.68,36.64,38.44,166.25,166.25,166.25,166.25,166.25,166.25
112,48.9,48.9,48.9,48.9,48.9,48.9,,48.9,,,,,,,,,,,,,NGS_Parcel_Select752,NGS,NGS_Parcel_Select,752,27.86,27.86,28.33,30.17,31.81,36.29,37.3,39.14,168.85,168.85,168.85,168.85,168.85,168.85
128,54.18,54.18,54.18,54.18,54.18,54.18,,54.18,,,,,,,,,,,,,NGS_Parcel_Select768,NGS,NGS_Parcel_Select,768,28.26,28.26,28.76,30.71,32.33,36.92,37.91,39.83,171.36,171.36,171.36,171.36,171.36,171.36
144,58.86,58.86,58.86,58.86,58.86,58.86,,58.86,,,,,,,,,,,,,NGS_Parcel_Select784,NGS,NGS_Parcel_Select,784,28.73,28.73,29.24,31.18,32.86,37.54,38.56,40.5,173.99,173.99,173.99,173.99,173.99,173.99
160,63.78,63.78,63.78,63.78,63.78,63.78,,63.78,,,,,,,,,,,,,NGS_Parcel_Select800,NGS,NGS_Parcel_Select,800,29.2,29.2,29.69,31.63,33.4,38.17,39.19,41.2,176.56,176.56,176.56,176.56,176.56,176.56
176,68.88,68.88,68.88,68.88,68.88,68.88,,68.88,,,,,,,,,,,,,NGS_Parcel_Select816,NGS,NGS_Parcel_Select,816,29.6,29.6,30.13,32.15,33.91,38.8,39.84,41.88,179.1,179.1,179.1,179.1,179.1,179.1
192,74.22,74.22,74.22,74.22,74.22,74.22,,74.22,,,,,,,,,,,,,NGS_Parcel_Select832,NGS,NGS_Parcel_Select,832,30.06,30.06,30.58,32.64,34.45,39.41,40.49,42.56,181.7,181.7,181.7,181.7,181.7,181.7
208,79.86,79.86,79.86,79.86,79.86,79.86,,79.86,,,,,,,,,,,,,NGS_Parcel_Select848,NGS,NGS_Parcel_Select,848,30.52,30.52,31.06,33.13,34.99,40.04,41.18,43.26,184.3,184.3,184.3,184.3,184.3,184.3
224,85.62,85.62,85.62,85.62,85.62,85.62,,85.62,,,,,,,,,,,,,NGS_Parcel_Select864,NGS,NGS_Parcel_Select,864,30.94,30.94,31.52,33.61,35.53,40.69,41.82,43.92,186.86,186.86,186.86,186.86,186.86,186.86
240,89.22,89.22,89.22,89.22,89.22,89.22,,89.22,,,,,,,,,,,,,NGS_Parcel_Select880,NGS,NGS_Parcel_Select,880,31.38,31.38,31.97,34.15,36.04,41.3,42.48,44.62,189.38,189.38,189.38,189.38,189.38,189.38
256,94.14,94.14,94.14,94.14,94.14,94.14,,94.14,,,,,,,,,,,,,NGS_Parcel_Select896,NGS,NGS_Parcel_Select,896,31.82,31.82,32.41,34.64,36.55,41.93,43.12,45.32,191.98,191.98,191.98,191.98,191.98,191.98
272,99.06,99.06,99.06,99.06,99.06,99.06,,99.06,,,,,,,,,,,,,NGS_Parcel_Select912,NGS,NGS_Parcel_Select,912,32.3,32.3,32.87,35.11,37.13,42.58,43.76,46.02,194.63,194.63,194.63,194.63,194.63,194.63
288,104.04,104.04,104.04,104.04,104.04,104.04,,104.04,,,,,,,,,,,,,NGS_Parcel_Select928,NGS,NGS_Parcel_Select,928,32.71,32.71,33.34,35.63,37.67,43.18,44.4,46.73,197.12,197.12,197.12,197.12,197.12,197.12
304,107.64,107.64,107.64,107.64,107.64,107.64,,107.64,,,,,,,,,,,,,NGS_Parcel_Select944,NGS,NGS_Parcel_Select,944,33.18,33.18,33.79,36.08,38.21,43.82,45.07,47.41,199.76,199.76,199.76,199.76,199.76,199.76
320,112.5,112.5,112.5,112.5,112.5,112.5,,112.5,,,,,,,,,,,,,NGS_Parcel_Select960,NGS,NGS_Parcel_Select,960,33.64,33.64,34.26,36.64,38.75,44.51,45.74,48.13,202.28,202.28,202.28,202.28,202.28,202.28
336,116.28,116.28,116.28,116.28,116.28,116.28,,116.28,,,,,,,,,,,,,NGS_Parcel_Select976,NGS,NGS_Parcel_Select,976,34.1,34.1,34.74,37.16,39.32,45.19,46.44,48.86,204.89,204.89,204.89,204.89,204.89,204.89
352,120.06,120.06,120.06,120.06,120.06,120.06,,120.06,,,,,,,,,,,,,NGS_Parcel_Select992,NGS,NGS_Parcel_Select,992,34.62,34.62,35.26,37.68,39.88,45.83,47.15,49.62,207.43,207.43,207.43,207.43,207.43,207.43
368,123.84,123.84,123.84,123.84,123.84,123.84,,123.84,,,,,,,,,,,,,NGS_Parcel_Select1008,NGS,NGS_Parcel_Select,1008,35.05,35.05,35.68,38.2,40.42,46.46,47.77,50.29,209.98,209.98,209.98,209.98,209.98,209.98
384,127.74,127.74,127.74,127.74,127.74,127.74,,127.74,,,,,,,,,,,,,NGS_Parcel_Select1024,NGS,NGS_Parcel_Select,1024,35.46,35.46,36.16,38.7,40.96,47.09,48.41,50.96,212.63,212.63,212.63,212.63,212.63,212.63
400,131.64,131.64,131.64,131.64,131.64,131.64,,131.64,,,,,,,,,,,,,NGS_Parcel_Select1040,NGS,NGS_Parcel_Select,1040,35.93,35.93,36.58,39.17,41.46,47.7,49.07,51.65,215.17,215.17,215.17,215.17,215.17,215.17
416,113.18,113.18,113.18,113.18,113.18,113.18,,113.18,,,,,,,,,,,,,NGS_Parcel_Select1056,NGS,NGS_Parcel_Select,1056,36.34,36.34,37.06,39.64,42.01,48.35,49.73,52.34,217.68,217.68,217.68,217.68,217.68,217.68
432,116.09,116.09,116.09,116.09,116.09,116.09,,116.09,,,,,,,,,,,,,NGS_Parcel_Select1072,NGS,NGS_Parcel_Select,1072,36.78,36.78,37.5,40.15,42.5,48.97,50.33,53.03,220.34,220.34,220.34,220.34,220.34,220.34
448,118.94,118.94,118.94,118.94,118.94,118.94,,118.94,,,,,,,,,,,,,NGS_Parcel_Select1088,NGS,NGS_Parcel_Select,1088,37.24,37.24,37.97,40.63,43.06,49.56,50.99,53.7,222.88,222.88,222.88,222.88,222.88,222.88
464,121.74,121.74,121.74,121.74,121.74,121.74,,121.74,,,,,,,,,,,,,NGS_Parcel_Select1104,NGS,NGS_Parcel_Select,1104,37.68,37.68,38.39,41.1,43.58,50.18,51.62,54.41,225.44,225.44,225.44,225.44,225.44,225.44
480,124.5,124.5,124.5,124.5,124.5,124.5,,124.5,,,,,,,,,,,,,NGS_Parcel_Select1120,NGS,NGS_Parcel_Select,1120,38.12,38.12,38.88,41.63,44.09,50.86,52.32,55.12,228.02,228.02,228.02,228.02,228.02,228.02
496,127.21,127.21,127.21,127.21,127.21,127.21,,127.21,,,,,,,,,,,,,NGS_Parcel_Selectoversize,NGS,NGS_Parcel_Select,oversize,179.93,179.93,193.96,203.24,236.75,275.42,290.92,363.2,369.4,369.4,369.4,369.4,369.4,369.4
512,129.92,129.92,129.92,129.92,129.92,129.92,,129.92,,,,,,,,,,,,,USPS_GA_Over1lb416,USPS GA,USPS_GA_Over1lb,416,22.55,24.66,27.73,33.57,43.25,52.77,62.15,70.89,70.89,70.89,70.89,70.89,70.89,70.89
528,132.6,132.6,132.6,132.6,132.6,132.6,,132.6,,,,,,,,,,,,,USPS_GA_Over1lb432,USPS GA,USPS_GA_Over1lb,432,23.36,25.64,29.06,35.71,46.25,55.75,65.34,74.85,74.85,74.85,74.85,74.85,74.85,74.85
544,135.3,135.3,135.3,135.3,135.3,135.3,,135.3,,,,,,,,,,,,,USPS_GA_Over1lb448,USPS GA,USPS_GA_Over1lb,448,24.01,26.39,29.94,36.8,47.78,57.66,67.62,77.48,77.48,77.48,77.48,77.48,77.48,77.48
560,137.95,137.95,137.95,137.95,137.95,137.95,,137.95,,,,,,,,,,,,,USPS_GA_Over1lb464,USPS GA,USPS_GA_Over1lb,464,24.65,27.12,30.82,37.87,49.31,59.53,69.85,80.07,80.07,80.07,80.07,80.07,80.07,80.07
576,140.52,140.52,140.52,140.52,140.52,140.52,,140.52,,,,,,,,,,,,,USPS_GA_Over1lb480,USPS GA,USPS_GA_Over1lb,480,25.29,27.84,31.68,38.93,50.81,61.4,72.07,82.64,82.64,82.64,82.64,82.64,82.64,82.64
592,143.05,143.05,143.05,143.05,143.05,143.05,,143.05,,,,,,,,,,,,,USPS_GA_Over1lb496,USPS GA,USPS_GA_Over1lb,496,25.91,28.56,32.53,39.97,52.28,63.23,74.26,85.18,85.18,85.18,85.18,85.18,85.18,85.18
608,145.66,145.66,145.66,145.66,145.66,145.66,,145.66,,,,,,,,,,,,,USPS_GA_Over1lb512,USPS GA,USPS_GA_Over1lb,512,26.54,29.27,33.36,40.99,53.75,65.04,76.43,87.69,87.69,87.69,87.69,87.69,87.69,87.69
624,148.26,148.26,148.26,148.26,148.26,148.26,,148.26,,,,,,,,,,,,,USPS_GA_Over1lb528,USPS GA,USPS_GA_Over1lb,528,27.16,29.97,34.19,42.0,55.19,66.84,78.57,90.19,90.19,90.19,90.19,90.19,90.19,90.19
640,150.82,150.82,150.82,150.82,150.82,150.82,,150.82,,,,,,,,,,,,,USPS_GA_Over1lb544,USPS GA,USPS_GA_Over1lb,544,27.77,30.66,34.99,42.99,56.62,68.61,80.68,92.65,92.65,92.65,92.65,92.65,92.65,92.65
656,153.4,153.4,153.4,153.4,153.4,153.4,,153.4,,,,,,,,,,,,,USPS_GA_Over1lb560,USPS GA,USPS_GA_Over1lb,560,28.38,31.34,35.78,43.97,58.02,70.35,82.77,95.08,95.08,95.08,95.08,95.08,95.08,95.08
672,155.95,155.95,155.95,155.95,155.95,155.95,,155.95,,,,,,,,,,,,,USPS_GA_Over1lb576,USPS GA,USPS_GA_Over1lb,576,28.98,32.01,36.57,44.93,59.4,72.07,84.83,97.49,97.49,97.49,97.49,97.49,97.49,97.49
688,158.54,158.54,158.54,158.54,158.54,158.54,,158.54,,,,,,,,,,,,,USPS_GA_Over1lb592,USPS GA,USPS_GA_Over1lb,592,29.57,32.68,37.34,45.88,60.77,73.77,86.87,99.87,99.87,99.87,99.87,99.87,99.87,99.87
704,161.06,161.06,161.06,161.06,161.06,161.06,,161.06,,,,,,,,,,,,,USPS_GA_Over1lb608,USPS GA,USPS_GA_Over1lb,608,30.16,33.33,38.09,46.8,62.11,75.45,88.88,102.22,102.22,102.22,102.22,102.22,102.22,102.22
720,163.69,163.69,163.69,163.69,163.69,163.69,,163.69,,,,,,,,,,,,,USPS_GA_Over1lb624,USPS GA,USPS_GA_Over1lb,624,30.75,33.98,38.83,47.71,63.44,77.11,90.86,104.55,104.55,104.55,104.55,104.55,104.55,104.55
736,166.25,166.25,166.25,166.25,166.25,166.25,,166.25,,,,,,,,,,,,,USPS_GA_Over1lb640,USPS GA,USPS_GA_Over1lb,640,31.32,34.62,39.56,48.61,64.75,78.73,92.81,106.84,106.84,106.84,106.84,106.84,106.84,106.84
752,168.85,168.85,168.85,168.85,168.85,168.85,,168.85,,,,,,,,,,,,,USPS_GA_Over1lb656,USPS GA,USPS_GA_Over1lb,656,31.89,35.25,40.27,49.49,66.03,80.34,94.75,109.11,109.11,109.11,109.11,109.11,109.11,109.11
768,171.36,171.36,171.36,171.36,171.36,171.36,,171.36,,,,,,,,,,,,,USPS_GA_Over1lb672,USPS GA,USPS_GA_Over1lb,672,32.46,35.86,40.97,50.35,67.3,81.93,96.66,111.35,111.35,111.35,111.35,111.35,111.35,111.35
784,173.99,173.99,173.99,173.99,173.99,173.99,,173.99,,,,,,,,,,,,,USPS_GA_Over1lb688,USPS GA,USPS_GA_Over1lb,688,33.01,36.47,41.66,51.19,68.55,83.49,98.54,113.57,113.57,113.57,113.57,113.57,113.57,113.57
800,176.56,176.56,176.56,176.56,176.56,176.56,,176.56,,,,,,,,,,,,,USPS_GA_Over1lb704,USPS GA,USPS_GA_Over1lb,704,33.57,37.07,42.33,52.03,69.77,85.03,100.39,115.75,115.75,115.75,115.75,115.75,115.75,115.75
816,179.1,179.1,179.1,179.1,179.1,179.1,,179.1,,,,,,,,,,,,,USPS_GA_Over1lb720,USPS GA,USPS_GA_Over1lb,720,34.11,37.67,43.0,52.84,70.99,86.54,102.22,117.91,117.91,117.91,117.91,117.91,117.91,117.91
832,181.7,181.7,181.7,181.7,181.7,181.7,,181.7,,,,,,,,,,,,,USPS_GA_Over1lb736,USPS GA,USPS_GA_Over1lb,736,34.65,38.24,43.65,53.63,72.17,88.04,104.03,120.05,120.05,120.05,120.05,120.05,120.05,120.05
848,184.3,184.3,184.3,184.3,184.3,184.3,,184.3,,,,,,,,,,,,,USPS_GA_Over1lb752,USPS GA,USPS_GA_Over1lb,752,35.18,38.82,44.28,54.41,73.35,89.51,105.8,122.15,122.15,122.15,122.15,122.15,122.15,122.15
864,186.86,186.86,186.86,186.86,186.86,186.86,,186.86,,,,,,,,,,,,,USPS_GA_Over1lb768,USPS GA,USPS_GA_Over1lb,768,35.71,39.39,44.91,55.18,74.5,90.96,107.55,124.23,124.23,124.23,124.23,124.23,124.23,124.23
880,189.38,189.38,189.38,189.38,189.38,189.38,,189.38,,,,,,,,,,,,,USPS_GA_Over1lb784,USPS GA,USPS_GA_Over1lb,784,36.24,39.94,45.52,55.93,75.63,92.38,109.28,126.28,126.28,126.28,126.28,126.28,126.28,126.28
896,191.98,191.98,191.98,191.98,191.98,191.98,,191.98,,,,,,,,,,,,,USPS_GA_Over1lb800,USPS GA,USPS_GA_Over1lb,800,36.75,40.49,46.11,56.66,76.75,93.78,110.98,128.3,128.3,128.3,128.3,128.3,128.3,128.3
912,194.63,194.63,194.63,194.63,194.63,194.63,,194.63,,,,,,,,,,,,,USPS_GA_Over1lb816,USPS GA,USPS_GA_Over1lb,816,37.26,41.04,46.69,57.37,77.84,95.16,112.65,130.3,130.3,130.3,130.3,130.3,130.3,130.3
928,197.12,197.12,197.12,197.12,197.12,197.12,,197.12,,,,,,,,,,,,,USPS_GA_Over1lb832,USPS GA,USPS_GA_Over1lb,832,37.76,41.56,47.26,58.07,78.91,96.52,114.3,132.26,132.26,132.26,132.26,132.26,132.26,132.26
944,199.76,199.76,199.76,199.76,199.76,199.76,,199.76,,,,,,,,,,,,,USPS_GA_Over1lb848,USPS GA,USPS_GA_Over1lb,848,38.25,42.09,47.81,58.75,79.96,97.85,115.93,134.21,134.21,134.21,134.21,134.21,134.21,134.21
960,202.28,202.28,202.28,202.28,202.28,202.28,,202.28,,,,,,,,,,,,,USPS_GA_Over1lb864,USPS GA,USPS_GA_Over1lb,864,38.75,42.59,48.36,59.42,81.0,99.17,117.52,136.11,136.11,136.11,136.11,136.11,136.11,136.11
976,204.89,204.89,204.89,204.89,204.89,204.89,,204.89,,,,,,,,,,,,,USPS_GA_Over1lb880,USPS GA,USPS_GA_Over1lb,880,39.23,43.1,48.88,60.07,82.01,100.46,119.1,138.01,138.01,138.01,138.01,138.01,138.01,138.01
992,207.43,207.43,207.43,207.43,207.43,207.43,,207.43,,,,,,,,,,,,,USPS_GA_Over1lb896,USPS GA,USPS_GA_Over1lb,896,39.72,43.59,49.4,60.71,83.01,101.71,120.64,139.86,139.86,139.86,139.86,139.86,139.86,139.86
1008,209.98,209.98,209.98,209.98,209.98,209.98,,209.98,,,,,,,,,,,,,USPS_GA_Over1lb912,USPS GA,USPS_GA_Over1lb,912,40.19,44.07,49.9,61.33,83.99,102.96,122.16,141.7,141.7,141.7,141.7,141.7,141.7,141.7
1024,212.63,212.63,212.63,212.63,212.63,212.63,,212.63,,,,,,,,,,,,,USPS_GA_Over1lb928,USPS GA,USPS_GA_Over1lb,928,40.65,44.55,50.4,61.92,84.94,104.17,123.65,143.5,143.5,143.5,143.5,143.5,143.5,143.5
1040,215.17,215.17,215.17,215.17,215.17,215.17,,215.17,,,,,,,,,,,,,USPS_GA_Over1lb944,USPS GA,USPS_GA_Over1lb,944,41.12,45.02,50.87,62.51,85.88,105.38,125.12,145.27,145.27,145.27,145.27,145.27,145.27,145.27
1056,217.68,217.68,217.68,217.68,217.68,217.68,,217.68,,,,,,,,,,,,,USPS_GA_Over1lb960,USPS GA,USPS_GA_Over1lb,960,41.57,45.47,51.34,63.08,86.8,106.54,126.57,147.02,147.02,147.02,147.02,147.02,147.02,147.02
1072,220.34,220.34,220.34,220.34,220.34,220.34,,220.34,,,,,,,,,,,,,USPS_GA_Over1lb976,USPS GA,USPS_GA_Over1lb,976,42.02,45.93,51.78,63.63,87.69,107.7,127.98,148.74,148.74,148.74,148.74,148.74,148.74,148.74
1088,222.88,222.88,222.88,222.88,222.88,222.88,,222.88,,,,,,,,,,,,,USPS_GA_Over1lb992,USPS GA,USPS_GA_Over1lb,992,42.47,46.37,52.22,64.17,88.57,108.83,129.37,150.44,150.44,150.44,150.44,150.44,150.44,150.44
1104,225.44,225.44,225.44,225.44,225.44,225.44,,225.44,,,,,,,,,,,,,USPS_GA_Over1lb1008,USPS GA,USPS_GA_Over1lb,1008,42.9,46.8,52.64,64.68,89.43,109.93,130.74,152.11,152.11,152.11,152.11,152.11,152.11,152.11
1120,228.02,228.02,228.02,228.02,228.02,228.02,,228.02,,,,,,,,,,,,,USPS_GA_Over1lb1024,USPS GA,USPS_GA_Over1lb,1024,43.33,47.23,53.06,65.19,90.28,111.01,132.08,153.75,153.75,153.75,153.75,153.75,153.75,153.75
Oversize,369.4,369.4,369.4,369.4,369.4,369.4,,369.4,,,,,,,,,,,,,USPS_GA_Over1lb1040,USPS GA,USPS_GA_Over1lb,1040,43.75,47.64,53.45,65.67,91.09,112.07,133.39,155.35,155.35,155.35,155.35,155.35,155.35,155.35
UM,8.15,8.15,8.15,8.15,8.15,8.15,,8.15,,,,,,,,,,,,,USPS_GA_Over1lb1056,USPS GA,USPS_GA_Over1lb,1056,44.18,48.04,53.83,66.15,91.9,113.1,134.67,156.94,156.94,156.94,156.94,156.94,156.94,156.94
,,,,,,,,,,,,,,,,,,,,,USPS_GA_Over1lb1072,USPS GA,USPS_GA_Over1lb,1072,44.59,48.43,54.2,66.6,92.68,114.12,135.94,158.51,158.51,158.51,158.51,158.51,158.51,158.51
,,,,,,,,,,,,,,,,,,,,,USPS_GA_Over1lb1088,USPS GA,USPS_GA_Over1lb,1088,45.0,48.82,54.56,67.04,93.44,115.11,137.18,160.03,160.03,160.03,160.03,160.03,160.03,160.03
,,,,,,,,,,,,,,,,,,,,,USPS_GA_Over1lb1104,USPS GA,USPS_GA_Over1lb,1104,45.4,49.2,54.9,67.47,94.18,116.08,138.38,161.53,161.53,161.53,161.53,161.53,161.53,161.53
,,,,,,,,,,,,,,,,,,,,,USPS_GA_Over1lb1120,USPS GA,USPS_GA_Over1lb,1120,45.79,49.57,55.23,67.87,94.91,117.02,139.57,163.01,163.01,163.01,163.01,163.01,163.01,163.01
,,,,,,,,,,,,,,,,,,,,,FirstMilePriority416,SDS,FirstMilePriority,416,18.26,18.26,18.54,19.67,20.64,23.32,23.93,25.02,113.18,113.18,113.18,113.18,113.18,113.18
,,,,,,,,,,,,,,,,,,,,,FirstMilePriority432,SDS,FirstMilePriority,432,18.52,18.52,18.79,19.96,20.98,23.74,24.32,25.48,116.09,116.09,116.09,116.09,116.09,116.09
,,,,,,,,,,,,,,,,,,,,,FirstMilePriority448,SDS,FirstMilePriority,448,18.78,18.78,19.06,20.23,21.28,24.13,24.74,25.93,118.94,118.94,118.94,118.94,118.94,118.94
,,,,,,,,,,,,,,,,,,,,,FirstMilePriority464,SDS,FirstMilePriority,464,19.02,19.02,19.32,20.56,21.61,24.5,25.14,26.34,121.74,121.74,121.74,121.74,121.74,121.74
,,,,,,,,,,,,,,,,,,,,,FirstMilePriority480,SDS,FirstMilePriority,480,19.25,19.25,19.6,20.81,21.9,24.9,25.54,26.81,124.5,124.5,124.5,124.5,124.5,124.5
,,,,,,,,,,,,,,,,,,,,,FirstMilePriority496,SDS,FirstMilePriority,496,19.51,19.51,19.84,21.1,22.19,25.25,25.96,27.2,127.21,127.21,127.21,127.21,127.21,127.21
,,,,,,,,,,,,,,,,,,,,,FirstMilePriority512,SDS,FirstMilePriority,512,19.74,19.74,20.06,21.36,22.49,25.63,26.34,27.62,129.92,129.92,129.92,129.92,129.92,129.92
,,,,,,,,,,,,,,,,,,,,,FirstMilePriority528,SDS,FirstMilePriority,528,19.99,19.99,20.36,21.66,22.84,26.02,26.7,28.04,132.6,132.6,132.6,132.6,132.6,132.6
,,,,,,,,,,,,,,,,,,,,,FirstMilePriority544,SDS,FirstMilePriority,544,20.23,20.23,20.58,21.94,23.12,26.42,27.14,28.48,135.3,135.3,135.3,135.3,135.3,135.3
,,,,,,,,,,,,,,,,,,,,,FirstMilePriority560,SDS,FirstMilePriority,560,20.53,20.53,20.86,22.21,23.44,26.81,27.52,28.93,137.95,137.95,137.95,137.95,137.95,137.95
,,,,,,,,,,,,,,,,,,,,,FirstMilePriority576,SDS,FirstMilePriority,576,23.04,23.04,23.42,24.83,26.05,29.48,30.2,31.63,140.52,140.52,140.52,140.52,140.52,140.52
,,,,,,,,,,,,,,,,,,,,,FirstMilePriority592,SDS,FirstMilePriority,592,23.47,23.47,23.87,25.32,26.58,30.12,30.88,32.33,143.05,143.05,143.05,143.05,143.05,143.05
,,,,,,,,,,,,,,,,,,,,,FirstMilePriority608,SDS,FirstMilePriority,608,23.92,23.92,24.32,25.78,27.1,30.73,31.51,32.99,145.66,145.66,145.66,145.66,145.66,145.66
,,,,,,,,,,,,,,,,,,,,,FirstMilePriority624,SDS,FirstMilePriority,624,24.34,24.34,24.74,26.27,27.62,31.36,32.16,33.71,148.26,148.26,148.26,148.26,148.26,148.26
,,,,,,,,,,,,,,,,,,,,,FirstMilePriority640,SDS,FirstMilePriority,640,24.8,24.8,25.19,26.76,28.18,31.97,32.78,34.38,150.82,150.82,150.82,150.82,150.82,150.82
,,,,,,,,,,,,,,,,,,,,,FirstMilePriority656,SDS,FirstMilePriority,656,25.2,25.2,25.64,27.24,28.68,32.6,33.42,35.05,153.4,153.4,153.4,153.4,153.4,153.4
,,,,,,,,,,,,,,,,,,,,,FirstMilePriority672,SDS,FirstMilePriority,672,25.67,25.67,26.09,27.73,29.22,33.22,34.08,35.74,155.95,155.95,155.95,155.95,155.95,155.95
,,,,,,,,,,,,,,,,,,,,,FirstMilePriority688,SDS,FirstMilePriority,688,26.11,26.11,26.53,28.24,29.71,33.83,34.7,36.43,158.54,158.54,158.54,158.54,158.54,158.54
,,,,,,,,,,,,,,,,,,,,,FirstMilePriority704,SDS,FirstMilePriority,704,26.54,26.54,26.99,28.72,30.25,34.45,35.34,37.1,161.06,161.06,161.06,161.06,161.06,161.06
,,,,,,,,,,,,,,,,,,,,,FirstMilePriority720,SDS,FirstMilePriority,720,26.99,26.99,27.46,29.22,30.78,35.09,36.0,37.76,163.69,163.69,163.69,163.69,163.69,163.69
,,,,,,,,,,,,,,,,,,,,,FirstMilePriority736,SDS,FirstMilePriority,736,27.44,27.44,27.9,29.7,31.3,35.68,36.64,38.44,166.25,166.25,166.25,166.25,166.25,166.25
,,,,,,,,,,,,,,,,,,,,,FirstMilePriority752,SDS,FirstMilePriority,752,27.86,27.86,28.33,30.17,31.81,36.29,37.3,39.14,168.85,168.85,168.85,168.85,168.85,168.85
,,,,,,,,,,,,,,,,,,,,,FirstMilePriority768,SDS,FirstMilePriority,768,28.26,28.26,28.76,30.71,32.33,36.92,37.91,39.83,171.36,171.36,171.36,171.36,171.36,171.36
,,,,,,,,,,,,,,,,,,,,,FirstMilePriority784,SDS,FirstMilePriority,784,28.73,28.73,29.24,31.18,32.86,37.54,38.56,40.5,173.99,173.99,173.99,173.99,173.99,173.99
,,,,,,,,,,,,,,,,,,,,,FirstMilePriority800,SDS,FirstMilePriority,800,29.2,29.2,29.69,31.63,33.4,38.17,39.19,41.2,176.56,176.56,176.56,176.56,176.56,176.56
,,,,,,,,,,,,,,,,,,,,,FirstMilePriority816,SDS,FirstMilePriority,816,29.6,29.6,30.13,32.15,33.91,38.8,39.84,41.88,179.1,179.1,179.1,179.1,179.1,179.1
,,,,,,,,,,,,,,,,,,,,,FirstMilePriority832,SDS,FirstMilePriority,832,30.06,30.06,30.58,32.64,34.45,39.41,40.49,42.56,181.7,181.7,181.7,181.7,181.7,181.7
,,,,,,,,,,,,,,,,,,,,,FirstMilePriority848,SDS,FirstMilePriority,848,30.52,30.52,31.06,33.13,34.99,40.04,41.18,43.26,184.3,184.3,184.3,184.3,184.3,184.3
,,,,,,,,,,,,,,,,,,,,,FirstMilePriority864,SDS,FirstMilePriority,864,30.94,30.94,31.52,33.61,35.53,40.69,41.82,43.92,186.86,186.86,186.86,186.86,186.86,186.86
,,,,,,,,,,,,,,,,,,,,,FirstMilePriority880,SDS,FirstMilePriority,880,31.38,31.38,31.97,34.15,36.04,41.3,42.48,44.62,189.38,189.38,189.38,189.38,189.38,189.38
,,,,,,,,,,,,,,,,,,,,,FirstMilePriority896,SDS,FirstMilePriority,896,31.82,31.82,32.41,34.64,36.55,41.93,43.12,45.32,191.98,191.98,191.98,191.98,191.98,191.98
,,,,,,,,,,,,,,,,,,,,,FirstMilePriority912,SDS,FirstMilePriority,912,32.3,32.3,32.87,35.11,37.13,42.58,43.76,46.02,194.63,194.63,194.63,194.63,194.63,194.63
,,,,,,,,,,,,,,,,,,,,,FirstMilePriority928,SDS,FirstMilePriority,928,32.71,32.71,33.34,35.63,37.67,43.18,44.4,46.73,197.12,197.12,197.12,197.12,197.12,197.12
,,,,,,,,,,,,,,,,,,,,,FirstMilePriority944,SDS,FirstMilePriority,944,33.18,33.18,33.79,36.08,38.21,43.82,45.07,47.41,199.76,199.76,199.76,199.76,199.76,199.76
,,,,,,,,,,,,,,,,,,,,,FirstMilePriority960,SDS,FirstMilePriority,960,33.64,33.64,34.26,36.64,38.75,44.51,45.74,48.13,202.28,202.28,202.28,202.28,202.28,202.28
,,,,,,,,,,,,,,,,,,,,,FirstMilePriority976,SDS,FirstMilePriority,976,34.1,34.1,34.74,37.16,39.32,45.19,46.44,48.86,204.89,204.89,204.89,204.89,204.89,204.89
,,,,,,,,,,,,,,,,,,,,,FirstMilePriority992,SDS,FirstMilePriority,992,34.62,34.62,35.26,37.68,39.88,45.83,47.15,49.62,207.43,207.43,207.43,207.43,207.43,207.43
,,,,,,,,,,,,,,,,,,,,,FirstMilePriority1008,SDS,FirstMilePriority,1008,35.05,35.05,35.68,38.2,40.42,46.46,47.77,50.29,209.98,209.98,209.98,209.98,209.98,209.98
,,,,,,,,,,,,,,,,,,,,,FirstMilePriority1024,SDS,FirstMilePriority,1024,35.46,35.46,36.16,38.7,40.96,47.09,48.41,50.96,212.63,212.63,212.63,212.63,212.63,212.63
,,,,,,,,,,,,,,,,,,,,,FirstMilePriority1040,SDS,FirstMilePriority,1040,35.93,35.93,36.58,39.17,41.46,47.7,49.07,51.65,215.17,215.17,215.17,215.17,215.17,215.17
,,,,,,,,,,,,,,,,,,,,,FirstMilePriority1056,SDS,FirstMilePriority,1056,36.34,36.34,37.06,39.64,42.01,48.35,49.73,52.34,217.68,217.68,217.68,217.68,217.68,217.68
,,,,,,,,,,,,,,,,,,,,,FirstMilePriority1072,SDS,FirstMilePriority,1072,36.78,36.78,37.5,40.15,42.5,48.97,50.33,53.03,220.34,220.34,220.34,220.34,220.34,220.34
,,,,,,,,,,,,,,,,,,,,,FirstMilePriority1088,SDS,FirstMilePriority,1088,37.24,37.24,37.97,40.63,43.06,49.56,50.99,53.7,222.88,222.88,222.88,222.88,222.88,222.88
,,,,,,,,,,,,,,,,,,,,,FirstMilePriority1104,SDS,FirstMilePriority,1104,37.68,37.68,38.39,41.1,43.58,50.18,51.62,54.41,225.44,225.44,225.44,225.44,225.44,225.44
,,,,,,,,,,,,,,,,,,,,,FirstMilePriority1120,SDS,FirstMilePriority,1120,38.12,38.12,38.88,41.63,44.09,50.86,52.32,55.12,228.02,228.02,228.02,228.02,228.02,228.02
,,,,,,,,,,,,,,,,,,,,,USPS_Over_1LB416,USPS,USPS_Over_1LB,416,18.26,18.26,18.54,19.67,20.64,23.32,23.93,25.02,113.18,113.18,113.18,113.18,113.18,113.18
,,,,,,,,,,,,,,,,,,,,,USPS_Over_1LB432,USPS,USPS_Over_1LB,432,18.52,18.52,18.79,19.96,20.98,23.74,24.32,25.48,116.09,116.09,116.09,116.09,116.09,116.09
,,,,,,,,,,,,,,,,,,,,,USPS_Over_1LB448,USPS,USPS_Over_1LB,448,18.78,18.78,19.06,20.23,21.28,24.13,24.74,25.93,118.94,118.94,118.94,118.94,118.94,118.94
,,,,,,,,,,,,,,,,,,,,,USPS_Over_1LB464,USPS,USPS_Over_1LB,464,19.02,19.02,19.32,20.56,21.61,24.5,25.14,26.34,121.74,121.74,121.74,121.74,121.74,121.74
,,,,,,,,,,,,,,,,,,,,,USPS_Over_1LB480,USPS,USPS_Over_1LB,480,19.25,19.25,19.6,20.81,21.9,24.9,25.54,26.81,124.5,124.5,124.5,124.5,124.5,124.5
,,,,,,,,,,,,,,,,,,,,,USPS_Over_1LB496,USPS,USPS_Over_1LB,496,19.51,19.51,19.84,21.1,22.19,25.25,25.96,27.2,127.21,127.21,127.21,127.21,127.21,127.21
,,,,,,,,,,,,,,,,,,,,,USPS_Over_1LB512,USPS,USPS_Over_1LB,512,19.74,19.74,20.06,21.36,22.49,25.63,26.34,27.62,129.92,129.92,129.92,129.92,129.92,129.92
,,,,,,,,,,,,,,,,,,,,,USPS_Over_1LB528,USPS,USPS_Over_1LB,528,19.99,19.99,20.36,21.66,22.84,26.02,26.7,28.04,132.6,132.6,132.6,132.6,132.6,132.6
,,,,,,,,,,,,,,,,,,,,,USPS_Over_1LB544,USPS,USPS_Over_1LB,544,20.23,20.23,20.58,21.94,23.12,26.42,27.14,28.48,135.3,135.3,135.3,135.3,135.3,135.3
,,,,,,,,,,,,,,,,,,,,,USPS_Over_1LB560,USPS,USPS_Over_1LB,560,20.53,20.53,20.86,22.21,23.44,26.81,27.52,28.93,137.95,137.95,137.95,137.95,137.95,137.95
,,,,,,,,,,,,,,,,,,,,,USPS_Over_1LB576,USPS,USPS_Over_1LB,576,23.04,23.04,23.42,24.83,26.05,29.48,30.2,31.63,140.52,140.52,140.52,140.52,140.52,140.52
,,,,,,,,,,,,,,,,,,,,,USPS_Over_1LB592,USPS,USPS_Over_1LB,592,23.47,23.47,23.87,25.32,26.58,30.12,30.88,32.33,143.05,143.05,143.05,143.05,143.05,143.05
,,,,,,,,,,,,,,,,,,,,,USPS_Over_1LB608,USPS,USPS_Over_1LB,608,23.92,23.92,24.32,25.78,27.1,30.73,31.51,32.99,145.66,145.66,145.66,145.66,145.66,145.66
,,,,,,,,,,,,,,,,,,,,,USPS_Over_1LB624,USPS,USPS_Over_1LB,624,24.34,24.34,24.74,26.27,27.62,31.36,32.16,33.71,148.26,148.26,148.26,148.26,148.26,148.26
,,,,,,,,,,,,,,,,,,,,,USPS_Over_1LB640,USPS,USPS_Over_1LB,640,24.8,24.8,25.19,26.76,28.18,31.97,32.78,34.38,150.82,150.82,150.82,150.82,150.82,150.82
,,,,,,,,,,,,,,,,,,,,,USPS_Over_1LB656,USPS,USPS_Over_1LB,656,25.2,25.2,25.64,27.24,28.68,32.6,33.42,35.05,153.4,153.4,153.4,153.4,153.4,153.4
,,,,,,,,,,,,,,,,,,,,,USPS_Over_1LB672,USPS,USPS_Over_1LB,672,25.67,25.67,26.09,27.73,29.22,33.22,34.08,35.74,155.95,155.95,155.95,155.95,155.95,155.95
,,,,,,,,,,,,,,,,,,,,,USPS_Over_1LB688,USPS,USPS_Over_1LB,688,26.11,26.11,26.53,28.24,29.71,33.83,34.7,36.43,158.54,158.54,158.54,158.54,158.54,158.54
,,,,,,,,,,,,,,,,,,,,,USPS_Over_1LB704,USPS,USPS_Over_1LB,704,26.54,26.54,26.99,28.72,30.25,34.45,35.34,37.1,161.06,161.06,161.06,161.06,161.06,161.06
,,,,,,,,,,,,,,,,,,,,,USPS_Over_1LB720,USPS,USPS_Over_1LB,720,26.99,26.99,27.46,29.22,30.78,35.09,36.0,37.76,163.69,163.69,163.69,163.69,163.69,163.69
,,,,,,,,,,,,,,,,,,,,,USPS_Over_1LB736,USPS,USPS_Over_1LB,736,27.44,27.44,27.9,29.7,31.3,35.68,36.64,38.44,166.25,166.25,166.25,166.25,166.25,166.25
,,,,,,,,,,,,,,,,,,,,,USPS_Over_1LB752,USPS,USPS_Over_1LB,752,27.86,27.86,28.33,30.17,31.81,36.29,37.3,39.14,168.85,168.85,168.85,168.85,168.85,168.85
,,,,,,,,,,,,,,,,,,,,,USPS_Over_1LB768,USPS,USPS_Over_1LB,768,28.26,28.26,28.76,30.71,32.33,36.92,37.91,39.83,171.36,171.36,171.36,171.36,171.36,171.36
,,,,,,,,,,,,,,,,,,,,,USPS_Over_1LB784,USPS,USPS_Over_1LB,784,28.73,28.73,29.24,31.18,32.86,37.54,38.56,40.5,173.99,173.99,173.99,173.99,173.99,173.99
,,,,,,,,,,,,,,,,,,,,,USPS_Over_1LB800,USPS,USPS_Over_1LB,800,29.2,29.2,29.69,31.63,33.4,38.17,39.19,41.2,176.56,176.56,176.56,176.56,176.56,176.56
,,,,,,,,,,,,,,,,,,,,,USPS_Over_1LB816,USPS,USPS_Over_1LB,816,29.6,29.6,30.13,32.15,33.91,38.8,39.84,41.88,179.1,179.1,179.1,179.1,179.1,179.1
,,,,,,,,,,,,,,,,,,,,,USPS_Over_1LB832,USPS,USPS_Over_1LB,832,30.06,30.06,30.58,32.64,34.45,39.41,40.49,42.56,181.7,181.7,181.7,181.7,181.7,181.7
,,,,,,,,,,,,,,,,,,,,,USPS_Over_1LB848,USPS,USPS_Over_1LB,848,30.52,30.52,31.06,33.13,34.99,40.04,41.18,43.26,184.3,184.3,184.3,184.3,184.3,184.3
,,,,,,,,,,,,,,,,,,,,,USPS_Over_1LB864,USPS,USPS_Over_1LB,864,30.94,30.94,31.52,33.61,35.53,40.69,41.82,43.92,186.86,186.86,186.86,186.86,186.86,186.86
,,,,,,,,,,,,,,,,,,,,,USPS_Over_1LB880,USPS,USPS_Over_1LB,880,31.38,31.38,31.97,34.15,36.04,41.3,42.48,44.62,189.38,189.38,189.38,189.38,189.38,189.38
,,,,,,,,,,,,,,,,,,,,,USPS_Over_1LB896,USPS,USPS_Over_1LB,896,31.82,31.82,32.41,34.64,36.55,41.93,43.12,45.32,191.98,191.98,191.98,191.98,191.98,191.98
,,,,,,,,,,,,,,,,,,,,,USPS_Over_1LB912,USPS,USPS_Over_1LB,912,32.3,32.3,32.87,35.11,37.13,42.58,43.76,46.02,194.63,194.63,194.63,194.63,194.63,194.63
,,,,,,,,,,,,,,,,,,,,,USPS_Over_1LB928,USPS,USPS_Over_1LB,928,32.71,32.71,33.34,35.63,37.67,43.18,44.4,46.73,197.12,197.12,197.12,197.12,197.12,197.12
,,,,,,,,,,,,,,,,,,,,,USPS_Over_1LB944,USPS,USPS_Over_1LB,944,33.18,33.18,33.79,36.08,38.21,43.82,45.07,47.41,199.76,199.76,199.76,199.76,199.76,199.76
,,,,,,,,,,,,,,,,,,,,,USPS_Over_1LB960,USPS,USPS_Over_1LB,960,33.64,33.64,34.26,36.64,38.75,44.51,45.74,48.13,202.28,202.28,202.28,202.28,202.28,202.28
,,,,,,,,,,,,,,,,,,,,,USPS_Over_1LB976,USPS,USPS_Over_1LB,976,34.1,34.1,34.74,37.16,39.32,45.19,46.44,48.86,204.89,204.89,204.89,204.89,204.89,204.89
,,,,,,,,,,,,,,,,,,,,,USPS_Over_1LB992,USPS,USPS_Over_1LB,992,34.62,34.62,35.26,37.68,39.88,45.83,47.15,49.62,207.43,207.43,207.43,207.43,207.43,207.43
,,,,,,,,,,,,,,,,,,,,,USPS_Over_1LB1008,USPS,USPS_Over_1LB,1008,35.05,35.05,35.68,38.2,40.42,46.46,47.77,50.29,209.98,209.98,209.98,209.98,209.98,209.98
,,,,,,,,,,,,,,,,,,,,,USPS_Over_1LB1024,USPS,USPS_Over_1LB,1024,35.46,35.46,36.16,38.7,40.96,47.09,48.41,50.96,212.63,212.63,212.63,212.63,212.63,212.63
,,,,,,,,,,,,,,,,,,,,,USPS_Over_1LB1040,USPS,USPS_Over_1LB,1040,35.93,35.93,36.58,39.17,41.46,47.7,49.07,51.65,215.17,215.17,215.17,215.17,215.17,215.17
,,,,,,,,,,,,,,,,,,,,,USPS_Over_1LB1056,USPS,USPS_Over_1LB,1056,36.34,36.34,37.06,39.64,42.01,48.35,49.73,52.34,217.68,217.68,217.68,217.68,217.68,217.68
,,,,,,,,,,,,,,,,,,,,,USPS_Over_1LB1072,USPS,USPS_Over_1LB,1072,36.78,36.78,37.5,40.15,42.5,48.97,50.33,53.03,220.34,220.34,220.34,220.34,220.34,220.34
,,,,,,,,,,,,,,,,,,,,,USPS_Over_1LB1088,USPS,USPS_Over_1LB,1088,37.24,37.24,37.97,40.63,43.06,49.56,50.99,53.7,222.88,222.88,222.88,222.88,222.88,222.88
,,,,,,,,,,,,,,,,,,,,,USPS_Over_1LB1104,USPS,USPS_Over_1LB,1104,37.68,37.68,38.39,41.1,43.58,50.18,51.62,54.41,225.44,225.44,225.44,225.44,225.44,225.44
,,,,,,,,,,,,,,,,,,,,,USPS_Over_1LB1120,USPS,USPS_Over_1LB,1120,38.12,38.12,38.88,41.63,44.09,50.86,52.32,55.12,228.02,228.02,228.02,228.02,228.02,228.02
,,,,,,,,,,,,,,,,,,,,,FirstMileExpedited416,SDS,FirstMileExpedited,416,18.26,18.26,18.54,19.67,20.64,23.32,23.93,25.02,113.18,113.18,113.18,113.18,113.18,113.18
,,,,,,,,,,,,,,,,,,,,,FirstMileExpedited432,SDS,FirstMileExpedited,432,18.52,18.52,18.79,19.96,20.98,23.74,24.32,25.48,116.09,116.09,116.09,116.09,116.09,116.09
,,,,,,,,,,,,,,,,,,,,,FirstMileExpedited448,SDS,FirstMileExpedited,448,18.78,18.78,19.06,20.23,21.28,24.13,24.74,25.93,118.94,118.94,118.94,118.94,118.94,118.94
,,,,,,,,,,,,,,,,,,,,,FirstMileExpedited464,SDS,FirstMileExpedited,464,19.02,19.02,19.32,20.56,21.61,24.5,25.14,26.34,121.74,121.74,121.74,121.74,121.74,121.74
,,,,,,,,,,,,,,,,,,,,,FirstMileExpedited480,SDS,FirstMileExpedited,480,19.25,19.25,19.6,20.81,21.9,24.9,25.54,26.81,124.5,124.5,124.5,124.5,124.5,124.5
,,,,,,,,,,,,,,,,,,,,,FirstMileExpedited496,SDS,FirstMileExpedited,496,19.51,19.51,19.84,21.1,22.19,25.25,25.96,27.2,127.21,127.21,127.21,127.21,127.21,127.21
,,,,,,,,,,,,,,,,,,,,,FirstMileExpedited512,SDS,FirstMileExpedited,512,19.74,19.74,20.06,21.36,22.49,25.63,26.34,27.62,129.92,129.92,129.92,129.92,129.92,129.92
,,,,,,,,,,,,,,,,,,,,,FirstMileExpedited528,SDS,FirstMileExpedited,528,19.99,19.99,20.36,21.66,22.84,26.02,26.7,28.04,132.6,132.6,132.6,132.6,132.6,132.6
,,,,,,,,,,,,,,,,,,,,,FirstMileExpedited544,SDS,FirstMileExpedited,544,20.23,20.23,20.58,21.94,23.12,26.42,27.14,28.48,135.3,135.3,135.3,135.3,135.3,135.3
,,,,,,,,,,,,,,,,,,,,,FirstMileExpedited560,SDS,FirstMileExpedited,560,20.53,20.53,20.86,22.21,23.44,26.81,27.52,28.93,137.95,137.95,137.95,137.95,137.95,137.95
,,,,,,,,,,,,,,,,,,,,,FirstMileExpedited576,SDS,FirstMileExpedited,576,23.04,23.04,23.42,24.83,26.05,29.48,30.2,31.63,140.52,140.52,140.52,140.52,140.52,140.52
,,,,,,,,,,,,,,,,,,,,,FirstMileExpedited592,SDS,FirstMileExpedited,592,23.47,23.47,23.87,25.32,26.58,30.12,30.88,32.33,143.05,143.05,143.05,143.05,143.05,143.05
,,,,,,,,,,,,,,,,,,,,,FirstMileExpedited608,SDS,FirstMileExpedited,608,23.92,23.92,24.32,25.78,27.1,30.73,31.51,32.99,145.66,145.66,145.66,145.66,145.66,145.66
,,,,,,,,,,,,,,,,,,,,,FirstMileExpedited624,SDS,FirstMileExpedited,624,24.34,24.34,24.74,26.27,27.62,31.36,32.16,33.71,148.26,148.26,148.26,148.26,148.26,148.26
,,,,,,,,,,,,,,,,,,,,,FirstMileExpedited640,SDS,FirstMileExpedited,640,24.8,24.8,25.19,26.76,28.18,31.97,32.78,34.38,150.82,150.82,150.82,150.82,150.82,150.82
,,,,,,,,,,,,,,,,,,,,,FirstMileExpedited656,SDS,FirstMileExpedited,656,25.2,25.2,25.64,27.24,28.68,32.6,33.42,35.05,153.4,153.4,153.4,153.4,153.4,153.4
,,,,,,,,,,,,,,,,,,,,,FirstMileExpedited672,SDS,FirstMileExpedited,672,25.67,25.67,26.09,27.73,29.22,33.22,34.08,35.74,155.95,155.95,155.95,155.95,155.95,155.95
,,,,,,,,,,,,,,,,,,,,,FirstMileExpedited688,SDS,FirstMileExpedited,688,26.11,26.11,26.53,28.24,29.71,33.83,34.7,36.43,158.54,158.54,158.54,158.54,158.54,158.54
,,,,,,,,,,,,,,,,,,,,,FirstMileExpedited704,SDS,FirstMileExpedited,704,26.54,26.54,26.99,28.72,30.25,34.45,35.34,37.1,161.06,161.06,161.06,161.06,161.06,161.06
,,,,,,,,,,,,,,,,,,,,,FirstMileExpedited720,SDS,FirstMileExpedited,720,26.99,26.99,27.46,29.22,30.78,35.09,36.0,37.76,163.69,163.69,163.69,163.69,163.69,163.69
,,,,,,,,,,,,,,,,,,,,,FirstMileExpedited736,SDS,FirstMileExpedited,736,27.44,27.44,27.9,29.7,31.3,35.68,36.64,38.44,166.25,166.25,166.25,166.25,166.25,166.25
,,,,,,,,,,,,,,,,,,,,,FirstMileExpedited752,SDS,FirstMileExpedited,752,27.86,27.86,28.33,30.17,31.81,36.29,37.3,39.14,168.85,168.85,168.85,168.85,168.85,168.85
,,,,,,,,,,,,,,,,,,,,,FirstMileExpedited768,SDS,FirstMileExpedited,768,28.26,28.26,28.76,30.71,32.33,36.92,37.91,39.83,171.36,171.36,171.36,171.36,171.36,171.36
,,,,,,,,,,,,,,,,,,,,,FirstMileExpedited784,SDS,FirstMileExpedited,784,28.73,28.73,29.24,31.18,32.86,37.54,38.56,40.5,173.99,173.99,173.99,173.99,173.99,173.99
,,,,,,,,,,,,,,,,,,,,,FirstMileExpedited800,SDS,FirstMileExpedited,800,29.2,29.2,29.69,31.63,33.4,38.17,39.19,41.2,176.56,176.56,176.56,176.56,176.56,176.56
,,,,,,,,,,,,,,,,,,,,,FirstMileExpedited816,SDS,FirstMileExpedited,816,29.6,29.6,30.13,32.15,33.91,38.8,39.84,41.88,179.1,179.1,179.1,179.1,179.1,179.1
,,,,,,,,,,,,,,,,,,,,,FirstMileExpedited832,SDS,FirstMileExpedited,832,30.06,30.06,30.58,32.64,34.45,39.41,40.49,42.56,181.7,181.7,181.7,181.7,181.7,181.7
,,,,,,,,,,,,,,,,,,,,,FirstMileExpedited848,SDS,FirstMileExpedited,848,30.52,30.52,31.06,33.13,34.99,40.04,41.18,43.26,184.3,184.3,184.3,184.3,184.3,184.3
,,,,,,,,,,,,,,,,,,,,,FirstMileExpedited864,SDS,FirstMileExpedited,864,30.94,30.94,31.52,33.61,35.53,40.69,41.82,43.92,186.86,186.86,186.86,186.86,186.86,186.86
,,,,,,,,,,,,,,,,,,,,,FirstMileExpedited880,SDS,FirstMileExpedited,880,31.38,31.38,31.97,34.15,36.04,41.3,42.48,44.62,189.38,189.38,189.38,189.38,189.38,189.38
,,,,,,,,,,,,,,,,,,,,,FirstMileExpedited896,SDS,FirstMileExpedited,896,31.82,31.82,32.41,34.64,36.55,41.93,43.12,45.32,191.98,191.98,191.98,191.98,191.98,191.98
,,,,,,,,,,,,,,,,,,,,,FirstMileExpedited912,SDS,FirstMileExpedited,912,32.3,32.3,32.87,35.11,37.13,42.58,43.76,46.02,194.63,194.63,194.63,194.63,194.63,194.63
,,,,,,,,,,,,,,,,,,,,,FirstMileExpedited928,SDS,FirstMileExpedited,928,32.71,32.71,33.34,35.63,37.67,43.18,44.4,46.73,197.12,197.12,197.12,197.12,197.12,197.12
,,,,,,,,,,,,,,,,,,,,,FirstMileExpedited944,SDS,FirstMileExpedited,944,33.18,33.18,33.79,36.08,38.21,43.82,45.07,47.41,199.76,199.76,199.76,199.76,199.76,199.76
,,,,,,,,,,,,,,,,,,,,,FirstMileExpedited960,SDS,FirstMileExpedited,960,33.64,33.64,34.26,36.64,38.75,44.51,45.74,48.13,202.28,202.28,202.28,202.28,202.28,202.28
,,,,,,,,,,,,,,,,,,,,,FirstMileExpedited976,SDS,FirstMileExpedited,976,34.1,34.1,34.74,37.16,39.32,45.19,46.44,48.86,204.89,204.89,204.89,204.89,204.89,204.89
,,,,,,,,,,,,,,,,,,,,,FirstMileExpedited992,SDS,FirstMileExpedited,992,34.62,34.62,35.26,37.68,39.88,45.83,47.15,49.62,207.43,207.43,207.43,207.43,207.43,207.43
,,,,,,,,,,,,,,,,,,,,,FirstMileExpedited1008,SDS,FirstMileExpedited,1008,35.05,35.05,35.68,38.2,40.42,46.46,47.77,50.29,209.98,209.98,209.98,209.98,209.98,209.98
,,,,,,,,,,,,,,,,,,,,,FirstMileExpedited1024,SDS,FirstMileExpedited,1024,35.46,35.46,36.16,38.7,40.96,47.09,48.41,50.96,212.63,212.63,212.63,212.63,212.63,212.63
,,,,,,,,,,,,,,,,,,,,,FirstMileExpedited1040,SDS,FirstMileExpedited,1040,35.93,35.93,36.58,39.17,41.46,47.7,49.07,51.65,215.17,215.17,215.17,215.17,215.17,215.17
,,,,,,,,,,,,,,,,,,,,,FirstMileExpedited1056,SDS,FirstMileExpedited,1056,36.34,36.34,37.06,39.64,42.01,48.35,49.73,52.34,217.68,217.68,217.68,217.68,217.68,217.68
,,,,,,,,,,,,,,,,,,,,,FirstMileExpedited1072,SDS,FirstMileExpedited,1072,36.78,36.78,37.5,40.15,42.5,48.97,50.33,53.03,220.34,220.34,220.34,220.34,220.34,220.34
,,,,,,,,,,,,,,,,,,,,,FirstMileExpedited1088,SDS,FirstMileExpedited,1088,37.24,37.24,37.97,40.63,43.06,49.56,50.99,53.7,222.88,222.88,222.88,222.88,222.88,222.88
,,,,,,,,,,,,,,,,,,,,,FirstMileExpedited1104,SDS,FirstMileExpedited,1104,37.68,37.68,38.39,41.1,43.58,50.18,51.62,54.41,225.44,225.44,225.44,225.44,225.44,225.44
,,,,,,,,,,,,,,,,,,,,,FirstMileExpedited1120,SDS,FirstMileExpedited,1120,38.12,38.12,38.88,41.63,44.09,50.86,52.32,55.12,228.02,228.02,228.02,228.02,228.02,228.02
,,,,,,,,,,,,,,,,,,,,,FirstMileGround416,SDS,FirstMileGround,416,18.26,18.26,18.54,19.67,20.64,23.32,23.93,25.02,113.18,113.18,113.18,113.18,113.18,113.18
,,,,,,,,,,,,,,,,,,,,,FirstMileGround432,SDS,FirstMileGround,432,18.52,18.52,18.79,19.96,20.98,23.74,24.32,25.48,116.09,116.09,116.09,116.09,116.09,116.09
,,,,,,,,,,,,,,,,,,,,,FirstMileGround448,SDS,FirstMileGround,448,18.78,18.78,19.06,20.23,21.28,24.13,24.74,25.93,118.94,118.94,118.94,118.94,118.94,118.94
,,,,,,,,,,,,,,,,,,,,,FirstMileGround464,SDS,FirstMileGround,464,19.02,19.02,19.32,20.56,21.61,24.5,25.14,26.34,121.74,121.74,121.74,121.74,121.74,121.74
,,,,,,,,,,,,,,,,,,,,,FirstMileGround480,SDS,FirstMileGround,480,19.25,19.25,19.6,20.81,21.9,24.9,25.54,26.81,124.5,124.5,124.5,124.5,124.5,124.5
,,,,,,,,,,,,,,,,,,,,,FirstMileGround496,SDS,FirstMileGround,496,19.51,19.51,19.84,21.1,22.19,25.25,25.96,27.2,127.21,127.21,127.21,127.21,127.21,127.21
,,,,,,,,,,,,,,,,,,,,,FirstMileGround512,SDS,FirstMileGround,512,19.74,19.74,20.06,21.36,22.49,25.63,26.34,27.62,129.92,129.92,129.92,129.92,129.92,129.92
,,,,,,,,,,,,,,,,,,,,,FirstMileGround528,SDS,FirstMileGround,528,19.99,19.99,20.36,21.66,22.84,26.02,26.7,28.04,132.6,132.6,132.6,132.6,132.6,132.6
,,,,,,,,,,,,,,,,,,,,,FirstMileGround544,SDS,FirstMileGround,544,20.23,20.23,20.58,21.94,23.12,26.42,27.14,28.48,135.3,135.3,135.3,135.3,135.3,135.3
,,,,,,,,,,,,,,,,,,,,,FirstMileGround560,SDS,FirstMileGround,560,20.53,20.53,20.86,22.21,23.44,26.81,27.52,28.93,137.95,137.95,137.95,137.95,137.95,137.95
,,,,,,,,,,,,,,,,,,,,,FirstMileGround576,SDS,FirstMileGround,576,23.04,23.04,23.42,24.83,26.05,29.48,30.2,31.63,140.52,140.52,140.52,140.52,140.52,140.52
,,,,,,,,,,,,,,,,,,,,,FirstMileGround592,SDS,FirstMileGround,592,23.47,23.47,23.87,25.32,26.58,30.12,30.88,32.33,143.05,143.05,143.05,143.05,143.05,143.05
,,,,,,,,,,,,,,,,,,,,,FirstMileGround608,SDS,FirstMileGround,608,23.92,23.92,24.32,25.78,27.1,30.73,31.51,32.99,145.66,145.66,145.66,145.66,145.66,145.66
,,,,,,,,,,,,,,,,,,,,,FirstMileGround624,SDS,FirstMileGround,624,24.34,24.34,24.74,26.27,27.62,31.36,32.16,33.71,148.26,148.26,148.26,148.26,148.26,148.26
,,,,,,,,,,,,,,,,,,,,,FirstMileGround640,SDS,FirstMileGround,640,24.8,24.8,25.19,26.76,28.18,31.97,32.78,34.38,150.82,150.82,150.82,150.82,150.82,150.82
,,,,,,,,,,,,,,,,,,,,,FirstMileGround656,SDS,FirstMileGround,656,25.2,25.2,25.64,27.24,28.68,32.6,33.42,35.05,153.4,153.4,153.4,153.4,153.4,153.4
,,,,,,,,,,,,,,,,,,,,,FirstMileGround672,SDS,FirstMileGround,672,25.67,25.67,26.09,27.73,29.22,33.22,34.08,35.74,155.95,155.95,155.95,155.95,155.95,155.95
,,,,,,,,,,,,,,,,,,,,,FirstMileGround688,SDS,FirstMileGround,688,26.11,26.11,26.53,28.24,29.71,33.83,34.7,36.43,158.54,158.54,158.54,158.54,158.54,158.54
,,,,,,,,,,,,,,,,,,,,,FirstMileGround704,SDS,FirstMileGround,704,26.54,26.54,26.99,28.72,30.25,34.45,35.34,37.1,161.06,161.06,161.06,161.06,161.06,161.06
,,,,,,,,,,,,,,,,,,,,,FirstMileGround720,SDS,FirstMileGround,720,26.99,26.99,27.46,29.22,30.78,35.09,36.0,37.76,163.69,163.69,163.69,163.69,163.69,163.69
,,,,,,,,,,,,,,,,,,,,,FirstMileGround736,SDS,FirstMileGround,736,27.44,27.44,27.9,29.7,31.3,35.68,36.64,38.44,166.25,166.25,166.25,166.25,166.25,166.25
,,,,,,,,,,,,,,,,,,,,,FirstMileGround752,SDS,FirstMileGround,752,27.86,27.86,28.33,30.17,31.81,36.29,37.3,39.14,168.85,168.85,168.85,168.85,168.85,168.85
,,,,,,,,,,,,,,,,,,,,,FirstMileGround768,SDS,FirstMileGround,768,28.26,28.26,28.76,30.71,32.33,36.92,37.91,39.83,171.36,171.36,171.36,171.36,171.36,171.36
,,,,,,,,,,,,,,,,,,,,,FirstMileGround784,SDS,FirstMileGround,784,28.73,28.73,29.24,31.18,32.86,37.54,38.56,40.5,173.99,173.99,173.99,173.99,173.99,173.99
,,,,,,,,,,,,,,,,,,,,,FirstMileGround800,SDS,FirstMileGround,800,29.2,29.2,29.69,31.63,33.4,38.17,39.19,41.2,176.56,176.56,176.56,176.56,176.56,176.56
,,,,,,,,,,,,,,,,,,,,,FirstMileGround816,SDS,FirstMileGround,816,29.6,29.6,30.13,32.15,33.91,38.8,39.84,41.88,179.1,179.1,179.1,179.1,179.1,179.1
,,,,,,,,,,,,,,,,,,,,,FirstMileGround832,SDS,FirstMileGround,832,30.06,30.06,30.58,32.64,34.45,39.41,40.49,42.56,181.7,181.7,181.7,181.7,181.7,181.7
,,,,,,,,,,,,,,,,,,,,,FirstMileGround848,SDS,FirstMileGround,848,30.52,30.52,31.06,33.13,34.99,40.04,41.18,43.26,184.3,184.3,184.3,184.3,184.3,184.3
,,,,,,,,,,,,,,,,,,,,,FirstMileGround864,SDS,FirstMileGround,864,30.94,30.94,31.52,33.61,35.53,40.69,41.82,43.92,186.86,186.86,186.86,186.86,186.86,186.86
,,,,,,,,,,,,,,,,,,,,,FirstMileGround880,SDS,FirstMileGround,880,31.38,31.38,31.97,34.15,36.04,41.3,42.48,44.62,189.38,189.38,189.38,189.38,189.38,189.38
,,,,,,,,,,,,,,,,,,,,,FirstMileGround896,SDS,FirstMileGround,896,31.82,31.82,32.41,34.64,36.55,41.93,43.12,45.32,191.98,191.98,191.98,191.98,191.98,191.98
,,,,,,,,,,,,,,,,,,,,,FirstMileGround912,SDS,FirstMileGround,912,32.3,32.3,32.87,35.11,37.13,42.58,43.76,46.02,194.63,194.63,194.63,194.63,194.63,194.63
,,,,,,,,,,,,,,,,,,,,,FirstMileGround928,SDS,FirstMileGround,928,32.71,32.71,33.34,35.63,37.67,43.18,44.4,46.73,197.12,197.12,197.12,197.12,197.12,197.12
,,,,,,,,,,,,,,,,,,,,,FirstMileGround944,SDS,FirstMileGround,944,33.18,33.18,33.79,36.08,38.21,43.82,45.07,47.41,199.76,199.76,199.76,199.76,199.76,199.76
,,,,,,,,,,,,,,,,,,,,,FirstMileGround960,SDS,FirstMileGround,960,33.64,33.64,34.26,36.64,38.75,44.51,45.74,48.13,202.28,202.28,202.28,202.28,202.28,202.28
,,,,,,,,,,,,,,,,,,,,,FirstMileGround976,SDS,FirstMileGround,976,34.1,34.1,34.74,37.16,39.32,45.19,46.44,48.86,204.89,204.89,204.89,204.89,204.89,204.89
,,,,,,,,,,,,,,,,,,,,,FirstMileGround992,SDS,FirstMileGround,992,34.62,34.62,35.26,37.68,39.88,45.83,47.15,49.62,207.43,207.43,207.43,207.43,207.43,207.43
,,,,,,,,,,,,,,,,,,,,,FirstMileGround1008,SDS,FirstMileGround,1008,35.05,35.05,35.68,38.2,40.42,46.46,47.77,50.29,209.98,209.98,209.98,209.98,209.98,209.98
,,,,,,,,,,,,,,,,,,,,,FirstMileGround1024,SDS,FirstMileGround,1024,35.46,35.46,36.16,38.7,40.96,47.09,48.41,50.96,212.63,212.63,212.63,212.63,212.63,212.63
,,,,,,,,,,,,,,,,,,,,,FirstMileGround1040,SDS,FirstMileGround,1040,35.93,35.93,36.58,39.17,41.46,47.7,49.07,51.65,215.17,215.17,215.17,215.17,215.17,215.17
,,,,,,,,,,,,,,,,,,,,,FirstMileGround1056,SDS,FirstMileGround,1056,36.34,36.34,37.06,39.64,42.01,48.35,49.73,52.34,217.68,217.68,217.68,217.68,217.68,217.68
,,,,,,,,,,,,,,,,,,,,,FirstMileGround1072,SDS,FirstMileGround,1072,36.78,36.78,37.5,40.15,42.5,48.97,50.33,53.03,220.34,220.34,220.34,220.34,220.34,220.34
,,,,,,,,,,,,,,,,,,,,,FirstMileGround1088,SDS,FirstMileGround,1088,37.24,37.24,37.97,40.63,43.06,49.56,50.99,53.7,222.88,222.88,222.88,222.88,222.88,222.88
,,,,,,,,,,,,,,,,,,,,,FirstMileGround1104,SDS,FirstMileGround,1104,37.68,37.68,38.39,41.1,43.58,50.18,51.62,54.41,225.44,225.44,225.44,225.44,225.44,225.44
,,,,,,,,,,,,,,,,,,,,,FirstMileGround1120,SDS,FirstMileGround,1120,38.12,38.12,38.88,41.63,44.09,50.86,52.32,55.12,228.02,228.02,228.02,228.02,228.02,228.02
,,,,,,,,,,,,,,,,,,,,,PTMT_USPSPriorityMailPackage416,PTMT,PTMT_USPSPriorityMailPackage,416,26.09,28.54,32.08,38.85,54.03,69.78,85.52,99.9,213.2,213.2,213.2,213.2,213.2,213.2
,,,,,,,,,,,,,,,,,,,,,PTMT_USPSPriorityMailPackage432,PTMT,PTMT_USPSPriorityMailPackage,432,27.04,29.66,33.63,41.32,57.78,72.58,87.39,102.65,219.07,219.07,219.07,219.07,219.07,219.07
,,,,,,,,,,,,,,,,,,,,,PTMT_USPSPriorityMailPackage448,PTMT,PTMT_USPSPriorityMailPackage,448,27.79,30.54,34.65,42.59,59.7,74.45,89.2,105.63,225.43,225.43,225.43,225.43,225.43,225.43
,,,,,,,,,,,,,,,,,,,,,PTMT_USPSPriorityMailPackage464,PTMT,PTMT_USPSPriorityMailPackage,464,28.52,31.38,35.67,43.83,61.6,76.32,91.03,108.05,230.59,230.59,230.59,230.59,230.59,230.59
,,,,,,,,,,,,,,,,,,,,,PTMT_USPSPriorityMailPackage480,PTMT,PTMT_USPSPriorityMailPackage,480,29.26,32.22,36.67,45.06,63.48,78.17,92.84,110.15,235.07,235.07,235.07,235.07,235.07,235.07
,,,,,,,,,,,,,,,,,,,,,PTMT_USPSPriorityMailPackage496,PTMT,PTMT_USPSPriorityMailPackage,496,29.99,33.05,37.65,46.26,65.32,80.0,94.68,112.38,239.85,239.85,239.85,239.85,239.85,239.85
,,,,,,,,,,,,,,,,,,,,,PTMT_USPSPriorityMailPackage512,PTMT,PTMT_USPSPriorityMailPackage,512,30.71,33.88,38.6,47.44,67.15,81.83,96.51,114.36,244.06,244.06,244.06,244.06,244.06,244.06
,,,,,,,,,,,,,,,,,,,,,PTMT_USPSPriorityMailPackage528,PTMT,PTMT_USPSPriorityMailPackage,528,31.44,34.69,39.56,48.61,68.95,83.64,98.32,116.5,248.63,248.63,248.63,248.63,248.63,248.63
,,,,,,,,,,,,,,,,,,,,,PTMT_USPSPriorityMailPackage544,PTMT,PTMT_USPSPriorityMailPackage,544,32.14,35.48,40.49,49.76,70.74,85.45,100.16,118.6,253.12,253.12,253.12,253.12,253.12,253.12
,,,,,,,,,,,,,,,,,,,,,PTMT_USPSPriorityMailPackage560,PTMT,PTMT_USPSPriorityMailPackage,560,32.84,36.28,41.41,50.88,72.49,87.24,101.98,120.48,257.12,257.12,257.12,257.12,257.12,257.12
,,,,,,,,,,,,,,,,,,,,,PTMT_USPSPriorityMailPackage576,PTMT,PTMT_USPSPriorityMailPackage,576,33.55,37.05,42.31,51.99,74.21,88.85,103.48,122.51,261.44,261.44,261.44,261.44,261.44,261.44
,,,,,,,,,,,,,,,,,,,,,PTMT_USPSPriorityMailPackage592,PTMT,PTMT_USPSPriorityMailPackage,592,34.23,37.82,43.21,53.1,75.92,90.44,104.96,124.52,265.74,265.74,265.74,265.74,265.74,265.74
,,,,,,,,,,,,,,,,,,,,,PTMT_USPSPriorityMailPackage608,PTMT,PTMT_USPSPriorityMailPackage,608,34.91,38.57,44.08,54.17,77.6,91.99,106.37,126.51,270.0,270.0,270.0,270.0,270.0,270
,,,,,,,,,,,,,,,,,,,,,PTMT_USPSPriorityMailPackage624,PTMT,PTMT_USPSPriorityMailPackage,624,35.59,39.33,44.94,55.22,79.26,93.94,108.6,128.46,274.16,274.16,274.16,274.16,274.16,274.16
,,,,,,,,,,,,,,,,,,,,,PTMT_USPSPriorityMailPackage640,PTMT,PTMT_USPSPriorityMailPackage,640,36.25,40.07,45.78,56.25,80.9,95.77,110.64,130.34,278.15,278.15,278.15,278.15,278.15,278.15
,,,,,,,,,,,,,,,,,,,,,PTMT_USPSPriorityMailPackage656,PTMT,PTMT_USPSPriorityMailPackage,656,36.9,40.79,46.61,57.28,82.5,97.58,112.65,132.33,282.42,282.42,282.42,282.42,282.42,282.42
,,,,,,,,,,,,,,,,,,,,,PTMT_USPSPriorityMailPackage672,PTMT,PTMT_USPSPriorityMailPackage,672,37.56,41.51,47.42,58.27,84.08,99.17,114.25,134.15,286.29,286.29,286.29,286.29,286.29,286.29
,,,,,,,,,,,,,,,,,,,,,PTMT_USPSPriorityMailPackage688,PTMT,PTMT_USPSPriorityMailPackage,688,38.2,42.21,48.21,59.25,85.64,100.71,115.77,135.83,289.87,289.87,289.87,289.87,289.87,289.87
,,,,,,,,,,,,,,,,,,,,,PTMT_USPSPriorityMailPackage704,PTMT,PTMT_USPSPriorityMailPackage,704,38.85,42.9,48.99,60.2,87.17,102.23,117.29,137.75,293.98,293.98,293.98,293.98,293.98,293.98
,,,,,,,,,,,,,,,,,,,,,PTMT_USPSPriorityMailPackage720,PTMT,PTMT_USPSPriorityMailPackage,720,39.48,43.59,49.77,61.15,88.69,103.71,118.73,139.58,297.88,297.88,297.88,297.88,297.88,297.88
,,,,,,,,,,,,,,,,,,,,,PTMT_USPSPriorityMailPackage736,PTMT,PTMT_USPSPriorityMailPackage,736,40.1,44.26,50.52,62.07,90.17,105.17,120.18,141.35,301.66,301.66,301.66,301.66,301.66,301.66
,,,,,,,,,,,,,,,,,,,,,PTMT_USPSPriorityMailPackage752,PTMT,PTMT_USPSPriorityMailPackage,752,40.72,44.93,51.24,62.97,91.64,106.67,121.68,143.15,305.5,305.5,305.5,305.5,305.5,305.5
,,,,,,,,,,,,,,,,,,,,,PTMT_USPSPriorityMailPackage768,PTMT,PTMT_USPSPriorityMailPackage,768,41.32,45.58,51.97,63.86,93.08,108.09,123.09,144.83,309.08,309.08,309.08,309.08,309.08,309.08
,,,,,,,,,,,,,,,,,,,,,PTMT_USPSPriorityMailPackage784,PTMT,PTMT_USPSPriorityMailPackage,784,41.93,46.23,52.67,64.73,94.49,109.52,124.54,146.5,312.65,312.65,312.65,312.65,312.65,312.65
,,,,,,,,,,,,,,,,,,,,,PTMT_USPSPriorityMailPackage800,PTMT,PTMT_USPSPriorityMailPackage,800,42.53,46.85,53.36,65.57,95.88,111.01,126.14,148.24,316.36,316.36,316.36,316.36,316.36,316.36
,,,,,,,,,,,,,,,,,,,,,PTMT_USPSPriorityMailPackage816,PTMT,PTMT_USPSPriorityMailPackage,816,43.12,47.49,54.03,66.39,97.25,112.56,127.86,149.92,319.94,319.94,319.94,319.94,319.94,319.94
,,,,,,,,,,,,,,,,,,,,,PTMT_USPSPriorityMailPackage832,PTMT,PTMT_USPSPriorityMailPackage,832,43.7,48.1,54.69,67.21,98.59,114.12,129.65,151.72,323.79,323.79,323.79,323.79,323.79,323.79
,,,,,,,,,,,,,,,,,,,,,PTMT_USPSPriorityMailPackage848,PTMT,PTMT_USPSPriorityMailPackage,848,44.27,48.71,55.33,67.99,99.9,115.72,131.53,153.67,327.94,327.94,327.94,327.94,327.94,327.94
,,,,,,,,,,,,,,,,,,,,,PTMT_USPSPriorityMailPackage864,PTMT,PTMT_USPSPriorityMailPackage,864,44.85,49.29,55.96,68.76,101.2,117.24,133.29,155.73,332.34,332.34,332.34,332.34,332.34,332.34
,,,,,,,,,,,,,,,,,,,,,PTMT_USPSPriorityMailPackage880,PTMT,PTMT_USPSPriorityMailPackage,880,45.4,49.87,56.58,69.51,102.46,118.82,135.18,157.7,336.56,336.56,336.56,336.56,336.56,336.56
,,,,,,,,,,,,,,,,,,,,,PTMT_USPSPriorityMailPackage896,PTMT,PTMT_USPSPriorityMailPackage,896,45.97,50.45,57.17,70.26,103.71,120.32,136.93,159.47,340.34,340.34,340.34,340.34,340.34,340.34
,,,,,,,,,,,,,,,,,,,,,PTMT_USPSPriorityMailPackage912,PTMT,PTMT_USPSPriorityMailPackage,912,46.51,51.01,57.75,70.98,104.93,121.56,138.18,160.99,343.58,343.58,343.58,343.58,343.58,343.58
,,,,,,,,,,,,,,,,,,,,,PTMT_USPSPriorityMailPackage928,PTMT,PTMT_USPSPriorityMailPackage,928,47.05,51.55,58.33,71.67,106.13,122.88,139.63,162.64,347.09,347.09,347.09,347.09,347.09,347.09
,,,,,,,,,,,,,,,,,,,,,PTMT_USPSPriorityMailPackage944,PTMT,PTMT_USPSPriorityMailPackage,944,47.59,52.11,58.87,72.35,107.3,124.08,140.87,164.17,350.36,350.36,350.36,350.36,350.36,350.36
,,,,,,,,,,,,,,,,,,,,,PTMT_USPSPriorityMailPackage960,PTMT,PTMT_USPSPriorityMailPackage,960,48.11,52.62,59.41,73.0,108.45,125.29,142.12,165.64,353.51,353.51,353.51,353.51,353.51,353.51
,,,,,,,,,,,,,,,,,,,,,PTMT_USPSPriorityMailPackage976,PTMT,PTMT_USPSPriorityMailPackage,976,48.64,53.15,59.93,73.65,109.56,126.66,143.76,167.76,358.02,358.02,358.02,358.02,358.02,358.02
,,,,,,,,,,,,,,,,,,,,,PTMT_USPSPriorityMailPackage992,PTMT,PTMT_USPSPriorityMailPackage,992,49.15,53.66,60.43,74.26,110.65,128.04,145.43,170.09,363.0,363.0,363.0,363.0,363.0,363
,,,,,,,,,,,,,,,,,,,,,PTMT_USPSPriorityMailPackage1008,PTMT,PTMT_USPSPriorityMailPackage,1008,49.65,54.17,60.92,74.86,111.73,129.16,146.58,172.42,367.97,367.97,367.97,367.97,367.97,367.97
,,,,,,,,,,,,,,,,,,,,,PTMT_USPSPriorityMailPackage1024,PTMT,PTMT_USPSPriorityMailPackage,1024,50.15,54.65,61.4,75.44,112.8,130.25,147.71,174.72,372.87,372.87,372.87,372.87,372.87,372.87
,,,,,,,,,,,,,,,,,,,,,PTMT_USPSPriorityMailPackage1040,PTMT,PTMT_USPSPriorityMailPackage,1040,50.63,55.13,61.85,76.0,113.82,131.36,148.89,177.0,377.73,377.73,377.73,377.73,377.73,377.73
,,,,,,,,,,,,,,,,,,,,,PTMT_USPSPriorityMailPackage1056,PTMT,PTMT_USPSPriorityMailPackage,1056,51.13,55.6,62.29,76.55,114.81,132.37,149.91,179.36,382.79,382.79,382.79,382.79,382.79,382.79
,,,,,,,,,,,,,,,,,,,,,PTMT_USPSPriorityMailPackage1072,PTMT,PTMT_USPSPriorityMailPackage,1072,51.6,56.05,62.73,77.07,115.79,133.41,151.01,181.47,387.27,387.27,387.27,387.27,387.27,387.27
,,,,,,,,,,,,,,,,,,,,,PTMT_USPSPriorityMailPackage1088,PTMT,PTMT_USPSPriorityMailPackage,1088,52.08,56.51,63.14,77.59,116.74,134.47,152.19,183.4,391.4,391.4,391.4,391.4,391.4,391.4
,,,,,,,,,,,,,,,,,,,,,PTMT_USPSPriorityMailPackage1104,PTMT,PTMT_USPSPriorityMailPackage,1104,52.54,56.94,63.53,78.07,117.67,135.51,153.35,185.35,395.56,395.56,395.56,395.56,395.56,395.56
,,,,,,,,,,,,,,,,,,,,,PTMT_USPSPriorityMailPackage1120,PTMT,PTMT_USPSPriorityMailPackage,1120,52.99,57.37,63.91,78.54,118.58,136.51,154.43,187.35,399.83,399.83,399.83,399.83,399.83,399.83
,,,,,,,,,,,,,,,,,,,,,PO_USPSPriorityMailPackage16,PO,PO_USPSPriorityMailPackage,16,8.14,8.24,8.33,8.5,9.64,9.9,10.16,10.91,23.28,23.28,23.28,23.28,23.28,23.28
,,,,,,,,,,,,,,,,,,,,,PO_USPSPriorityMailPackage32,PO,PO_USPSPriorityMailPackage,32,8.59,8.72,8.99,9.24,10.65,11.94,13.23,14.65,31.26,31.26,31.26,31.26,31.26,31.26
,,,,,,,,,,,,,,,,,,,,,PO_USPSPriorityMailPackage48,PO,PO_USPSPriorityMailPackage,48,9.01,9.13,9.72,10.15,11.88,14.36,16.83,19.57,41.77,41.77,41.77,41.77,41.77,41.77
,,,,,,,,,,,,,,,,,,,,,PO_USPSPriorityMailPackage64,PO,PO_USPSPriorityMailPackage,64,9.31,9.4,10.21,10.76,12.69,16.45,20.2,23.33,49.79,49.79,49.79,49.79,49.79,49.79
,,,,,,,,,,,,,,,,,,,,,PO_USPSPriorityMailPackage80,PO,PO_USPSPriorityMailPackage,80,9.53,9.61,10.56,11.22,13.82,18.63,23.44,27.21,58.07,58.07,58.07,58.07,58.07,58.07
,,,,,,,,,,,,,,,,,,,,,PO_USPSPriorityMailPackage96,PO,PO_USPSPriorityMailPackage,96,9.74,9.81,10.93,11.67,14.78,20.8,26.8,31.21,66.6,66.6,66.6,66.6,66.6,66.6
,,,,,,,,,,,,,,,,,,,,,PO_USPSPriorityMailPackage112,PO,PO_USPSPriorityMailPackage,112,10.05,10.14,11.43,12.3,15.8,22.39,28.98,33.79,72.12,72.12,72.12,72.12,72.12,72.12
,,,,,,,,,,,,,,,,,,,,,PO_USPSPriorityMailPackage128,PO,PO_USPSPriorityMailPackage,128,10.48,10.54,11.98,12.96,16.88,24.03,31.17,36.39,77.66,77.66,77.66,77.66,77.66,77.66
,,,,,,,,,,,,,,,,,,,,,PO_USPSPriorityMailPackage144,PO,PO_USPSPriorityMailPackage,144,11.06,11.14,12.59,13.66,18.01,25.69,33.35,38.98,83.18,83.18,83.18,83.18,83.18,83.18
,,,,,,,,,,,,,,,,,,,,,PO_USPSPriorityMailPackage160,PO,PO_USPSPriorityMailPackage,160,11.8,11.88,13.21,14.38,19.13,27.34,35.54,41.45,88.46,88.46,88.46,88.46,88.46,88.46
,,,,,,,,,,,,,,,,,,,,,PO_USPSPriorityMailPackage176,PO,PO_USPSPriorityMailPackage,176,16.25,16.8,17.65,19.9,25.4,37.3,49.2,56.2,113.5,113.5,113.5,113.5,113.5,113.5
,,,,,,,,,,,,,,,,,,,,,PO_USPSPriorityMailPackage192,PO,PO_USPSPriorityMailPackage,192,16.95,17.4,18.15,20.7,26.65,39.85,53.0,60.65,122.5,122.5,122.5,122.5,122.5,122.5
,,,,,,,,,,,,,,,,,,,,,PO_USPSPriorityMailPackage208,PO,PO_USPSPriorityMailPackage,208,17.7,18.05,18.7,21.25,27.8,42.45,57.05,65.35,132.0,132.0,132.0,132.0,132.0,132
,,,,,,,,,,,,,,,,,,,,,PO_USPSPriorityMailPackage224,PO,PO_USPSPriorityMailPackage,224,18.45,18.55,19.2,22.05,29.25,45.3,61.3,70.15,141.7,141.7,141.7,141.7,141.7,141.7
,,,,,,,,,,,,,,,,,,,,,PO_USPSPriorityMailPackage240,PO,PO_USPSPriorityMailPackage,240,19.15,19.35,19.95,22.7,30.5,47.15,63.8,73.15,147.75,147.75,147.75,147.75,147.75,147.75
,,,,,,,,,,,,,,,,,,,,,PO_USPSPriorityMailPackage256,PO,PO_USPSPriorityMailPackage,256,19.9,20.15,20.7,23.8,32.35,49.85,67.3,77.25,156.0,156.0,156.0,156.0,156.0,156
,,,,,,,,,,,,,,,,,,,,,PO_USPSPriorityMailPackage272,PO,PO_USPSPriorityMailPackage,272,20.65,20.9,21.4,24.8,34.5,52.7,70.85,81.35,164.3,164.3,164.3,164.3,164.3,164.3
,,,,,,,,,,,,,,,,,,,,,PO_USPSPriorityMailPackage288,PO,PO_USPSPriorityMailPackage,288,21.35,21.6,22.15,25.4,36.7,55.55,74.4,85.5,172.7,172.7,172.7,172.7,172.7,172.7
,,,,,,,,,,,,,,,,,,,,,PO_USPSPriorityMailPackage304,PO,PO_USPSPriorityMailPackage,304,21.8,22.1,23.1,25.85,39.1,58.05,76.95,88.5,178.75,178.75,178.75,178.75,178.75,178.75
,,,,,,,,,,,,,,,,,,,,,PO_USPSPriorityMailPackage320,PO,PO_USPSPriorityMailPackage,320,22.2,22.45,23.95,26.75,41.65,60.9,80.1,92.55,186.9,186.9,186.9,186.9,186.9,186.9
,,,,,,,,,,,,,,,,,,,,,PO_USPSPriorityMailPackage336,PO,PO_USPSPriorityMailPackage,336,25.65,26.95,29.1,34.3,45.75,64.1,82.45,95.7,193.3,193.3,193.3,193.3,193.3,193.3
,,,,,,,,,,,,,,,,,,,,,PO_USPSPriorityMailPackage352,PO,PO_USPSPriorityMailPackage,352,27.95,29.95,33.0,39.8,52.05,68.5,84.9,98.85,199.65,199.65,199.65,199.65,199.65,199.65
,,,,,,,,,,,,,,,,,,,,,PO_USPSPriorityMailPackage368,PO,PO_USPSPriorityMailPackage,368,29.45,31.75,35.1,42.8,55.8,71.55,87.3,102.0,206.0,206.0,206.0,206.0,206.0,206
,,,,,,,,,,,,,,,,,,,,,PO_USPSPriorityMailPackage384,PO,PO_USPSPriorityMailPackage,384,30.55,33.0,36.65,44.8,58.45,74.15,89.8,105.25,212.55,212.55,212.55,212.55,212.55,212.55
,,,,,,,,,,,,,,,,,,,,,PO_USPSPriorityMailPackage400,PO,PO_USPSPriorityMailPackage,400,31.7,34.25,38.15,46.85,61.1,76.7,92.3,108.5,219.15,219.15,219.15,219.15,219.15,219.15
,,,,,,,,,,,,,,,,,,,,,ONTRAC_Ground_RegionalParcelDelivery416,ONTRAC,ONTRAC_Ground_RegionalParcelDelivery,416,19.34,19.34,22.29,23.98,28.67,35.1,42.52,48.53,123.4,123.4,123.4,123.4,123.4,123.4
,,,,,,,,,,,,,,,,,,,,,ONTRAC_Ground_RegionalParcelDelivery432,ONTRAC,ONTRAC_Ground_RegionalParcelDelivery,432,19.88,19.88,22.82,24.46,29.15,36.52,43.31,49.34,126.63,126.63,126.63,126.63,126.63,126.63
,,,,,,,,,,,,,,,,,,,,,ONTRAC_Ground_RegionalParcelDelivery448,ONTRAC,ONTRAC_Ground_RegionalParcelDelivery,448,20.34,20.34,23.37,25.4,30.8,38.3,45.25,51.23,129.81,129.81,129.81,129.81,129.81,129.81
,,,,,,,,,,,,,,,,,,,,,ONTRAC_Ground_RegionalParcelDelivery464,ONTRAC,ONTRAC_Ground_RegionalParcelDelivery,464,20.36,20.36,23.81,25.79,30.85,39.39,46.28,52.6,132.41,132.41,132.41,132.41,132.41,132.41
,,,,,,,,,,,,,,,,,,,,,ONTRAC_Ground_RegionalParcelDelivery480,ONTRAC,ONTRAC_Ground_RegionalParcelDelivery,480,20.56,20.56,24.39,26.77,32.07,40.03,46.51,54.78,135.42,135.42,135.42,135.42,135.42,135.42
,,,,,,,,,,,,,,,,,,,,,ONTRAC_Ground_RegionalParcelDelivery496,ONTRAC,ONTRAC_Ground_RegionalParcelDelivery,496,21.51,21.51,24.96,27.39,32.55,40.99,48.24,56.53,135.5,135.5,135.5,135.5,135.5,135.5
,,,,,,,,,,,,,,,,,,,,,ONTRAC_Ground_RegionalParcelDelivery512,ONTRAC,ONTRAC_Ground_RegionalParcelDelivery,512,21.52,21.52,24.97,27.4,32.56,41.2,48.25,57.15,136.45,136.45,136.45,136.45,136.45,136.45
,,,,,,,,,,,,,,,,,,,,,ONTRAC_Ground_RegionalParcelDelivery528,ONTRAC,ONTRAC_Ground_RegionalParcelDelivery,528,21.6,21.6,25.34,28.63,34.09,43.57,49.84,58.7,139.17,139.17,139.17,139.17,139.17,139.17
,,,,,,,,,,,,,,,,,,,,,ONTRAC_Ground_RegionalParcelDelivery544,ONTRAC,ONTRAC_Ground_RegionalParcelDelivery,544,21.61,21.61,25.91,29.54,35.28,43.8,51.33,61.51,142.02,142.02,142.02,142.02,142.02,142.02
,,,,,,,,,,,,,,,,,,,,,ONTRAC_Ground_RegionalParcelDelivery560,ONTRAC,ONTRAC_Ground_RegionalParcelDelivery,560,22.01,22.01,27.08,30.28,35.86,44.55,52.65,61.95,145.31,145.31,145.31,145.31,145.31,145.31
,,,,,,,,,,,,,,,,,,,,,ONTRAC_Ground_RegionalParcelDelivery576,ONTRAC,ONTRAC_Ground_RegionalParcelDelivery,576,22.35,22.35,27.29,30.76,37.22,46.42,54.44,64.38,148.52,148.52,148.52,148.52,148.52,148.52
,,,,,,,,,,,,,,,,,,,,,ONTRAC_Ground_RegionalParcelDelivery592,ONTRAC,ONTRAC_Ground_RegionalParcelDelivery,592,22.84,22.84,27.65,31.23,37.76,46.63,56.2,65.01,151.77,151.77,151.77,151.77,151.77,151.77
,,,,,,,,,,,,,,,,,,,,,ONTRAC_Ground_RegionalParcelDelivery608,ONTRAC,ONTRAC_Ground_RegionalParcelDelivery,608,23.02,23.02,28.08,32.06,38.67,47.68,56.42,66.22,155.19,155.19,155.19,155.19,155.19,155.19
,,,,,,,,,,,,,,,,,,,,,ONTRAC_Ground_RegionalParcelDelivery624,ONTRAC,ONTRAC_Ground_RegionalParcelDelivery,624,23.97,23.97,29.17,33.42,39.95,49.58,58.64,67.58,158.08,158.08,158.08,158.08,158.08,158.08
,,,,,,,,,,,,,,,,,,,,,ONTRAC_Ground_RegionalParcelDelivery640,ONTRAC,ONTRAC_Ground_RegionalParcelDelivery,640,23.99,23.99,29.3,33.44,40.03,49.92,58.65,67.6,161.19,161.19,161.19,161.19,161.19,161.19
,,,,,,,,,,,,,,,,,,,,,ONTRAC_Ground_RegionalParcelDelivery656,ONTRAC,ONTRAC_Ground_RegionalParcelDelivery,656,24.53,24.53,30.54,34.4,41.39,51.94,60.46,70.5,164.11,164.11,164.11,164.11,164.11,164.11
,,,,,,,,,,,,,,,,,,,,,ONTRAC_Ground_RegionalParcelDelivery672,ONTRAC,ONTRAC_Ground_RegionalParcelDelivery,672,24.55,24.55,30.65,35.74,41.44,52.23,61.49,70.51,167.03,167.03,167.03,167.03,167.03,167.03
,,,,,,,,,,,,,,,,,,,,,ONTRAC_Ground_RegionalParcelDelivery688,ONTRAC,ONTRAC_Ground_RegionalParcelDelivery,688,25.0,25.0,31.1,35.8,43.63,55.07,63.72,72.43,170.25,170.25,170.25,170.25,170.25,170.25
,,,,,,,,,,,,,,,,,,,,,ONTRAC_Ground_RegionalParcelDelivery704,ONTRAC,ONTRAC_Ground_RegionalParcelDelivery,704,25.37,25.37,31.57,36.71,44.41,55.24,65.35,73.18,173.52,173.52,173.52,173.52,173.52,173.52
,,,,,,,,,,,,,,,,,,,,,ONTRAC_Ground_RegionalParcelDelivery720,ONTRAC,ONTRAC_Ground_RegionalParcelDelivery,720,25.39,25.39,31.58,36.72,44.43,55.4,66.98,73.69,176.7,176.7,176.7,176.7,176.7,176.7
,,,,,,,,,,,,,,,,,,,,,ONTRAC_Ground_RegionalParcelDelivery736,ONTRAC,ONTRAC_Ground_RegionalParcelDelivery,736,26.11,26.11,31.91,37.9,45.5,56.86,67.7,75.65,179.94,179.94,179.94,179.94,179.94,179.94
,,,,,,,,,,,,,,,,,,,,,ONTRAC_Ground_RegionalParcelDelivery752,ONTRAC,ONTRAC_Ground_RegionalParcelDelivery,752,26.14,26.14,32.63,38.51,45.83,57.67,69.02,76.87,183.18,183.18,183.18,183.18,183.18,183.18
,,,,,,,,,,,,,,,,,,,,,ONTRAC_Ground_RegionalParcelDelivery768,ONTRAC,ONTRAC_Ground_RegionalParcelDelivery,768,26.15,26.15,32.64,38.89,47.24,58.49,70.17,78.68,186.19,186.19,186.19,186.19,186.19,186.19
,,,,,,,,,,,,,,,,,,,,,ONTRAC_Ground_RegionalParcelDelivery784,ONTRAC,ONTRAC_Ground_RegionalParcelDelivery,784,26.16,26.16,32.65,38.97,47.26,59.37,71.59,79.14,189.25,189.25,189.25,189.25,189.25,189.25
,,,,,,,,,,,,,,,,,,,,,ONTRAC_Ground_RegionalParcelDelivery800,ONTRAC,ONTRAC_Ground_RegionalParcelDelivery,800,26.17,26.17,32.66,38.99,47.31,59.44,71.67,79.65,192.28,192.28,192.28,192.28,192.28,192.28
,,,,,,,,,,,,,,,,,,,,,ONTRAC_Ground_RegionalParcelDelivery816,ONTRAC,ONTRAC_Ground_RegionalParcelDelivery,816,26.23,26.23,32.67,39.09,47.4,59.75,72.04,81.66,197.12,197.12,197.12,197.12,197.12,197.12
,,,,,,,,,,,,,,,,,,,,,ONTRAC_Ground_RegionalParcelDelivery832,ONTRAC,ONTRAC_Ground_RegionalParcelDelivery,832,26.24,26.24,32.69,39.12,47.42,59.76,72.05,81.67,197.48,197.48,197.48,197.48,197.48,197.48
,,,,,,,,,,,,,,,,,,,,,ONTRAC_Ground_RegionalParcelDelivery848,ONTRAC,ONTRAC_Ground_RegionalParcelDelivery,848,26.25,26.25,32.76,39.13,47.7,59.77,72.06,82.47,200.3,200.3,200.3,200.3,200.3,200.3
,,,,,,,,,,,,,,,,,,,,,ONTRAC_Ground_RegionalParcelDelivery864,ONTRAC,ONTRAC_Ground_RegionalParcelDelivery,864,26.26,26.26,32.81,39.2,47.79,59.78,72.07,82.52,203.32,203.32,203.32,203.32,203.32,203.32
,,,,,,,,,,,,,,,,,,,,,ONTRAC_Ground_RegionalParcelDelivery880,ONTRAC,ONTRAC_Ground_RegionalParcelDelivery,880,26.27,26.27,32.85,39.21,48.02,59.85,72.08,82.6,206.38,206.38,206.38,206.38,206.38,206.38
,,,,,,,,,,,,,,,,,,,,,ONTRAC_Ground_RegionalParcelDelivery896,ONTRAC,ONTRAC_Ground_RegionalParcelDelivery,896,26.28,26.28,32.9,39.26,48.03,59.87,72.15,82.75,209.38,209.38,209.38,209.38,209.38,209.38
,,,,,,,,,,,,,,,,,,,,,ONTRAC_Ground_RegionalParcelDelivery912,ONTRAC,ONTRAC_Ground_RegionalParcelDelivery,912,26.76,26.76,33.03,39.32,49.47,59.92,72.21,84.31,212.62,212.62,212.62,212.62,212.62,212.62
,,,,,,,,,,,,,,,,,,,,,ONTRAC_Ground_RegionalParcelDelivery928,ONTRAC,ONTRAC_Ground_RegionalParcelDelivery,928,26.77,26.77,33.05,39.33,49.52,59.93,72.27,84.36,215.63,215.63,215.63,215.63,215.63,215.63
,,,,,,,,,,,,,,,,,,,,,ONTRAC_Ground_RegionalParcelDelivery944,ONTRAC,ONTRAC_Ground_RegionalParcelDelivery,944,26.84,26.84,33.07,39.61,49.53,60.26,72.43,85.71,218.84,218.84,218.84,218.84,218.84,218.84
,,,,,,,,,,,,,,,,,,,,,ONTRAC_Ground_RegionalParcelDelivery960,ONTRAC,ONTRAC_Ground_RegionalParcelDelivery,960,27.53,27.53,34.35,40.28,51.26,61.38,72.44,86.24,222.06,222.06,222.06,222.06,222.06,222.06
,,,,,,,,,,,,,,,,,,,,,ONTRAC_Ground_RegionalParcelDelivery976,ONTRAC,ONTRAC_Ground_RegionalParcelDelivery,976,27.54,27.54,34.45,40.61,51.31,61.39,72.45,87.27,224.71,224.71,224.71,224.71,224.71,224.71
,,,,,,,,,,,,,,,,,,,,,ONTRAC_Ground_RegionalParcelDelivery992,ONTRAC,ONTRAC_Ground_RegionalParcelDelivery,992,28.68,28.68,36.89,41.34,52.49,62.34,73.51,88.13,228.23,228.23,228.23,228.23,228.23,228.23
,,,,,,,,,,,,,,,,,,,,,ONTRAC_Ground_RegionalParcelDelivery1008,ONTRAC,ONTRAC_Ground_RegionalParcelDelivery,1008,28.69,28.69,36.9,41.74,52.5,62.77,74.12,88.14,231.81,231.81,231.81,231.81,231.81,231.81
,,,,,,,,,,,,,,,,,,,,,ONTRAC_Ground_RegionalParcelDelivery1024,ONTRAC,ONTRAC_Ground_RegionalParcelDelivery,1024,29.45,29.45,36.92,42.1,52.53,63.21,74.13,88.5,235.53,235.53,235.53,235.53,235.53,235.53
,,,,,,,,,,,,,,,,,,,,,ONTRAC_Ground_RegionalParcelDelivery1040,ONTRAC,ONTRAC_Ground_RegionalParcelDelivery,1040,29.78,29.78,37.55,42.11,52.62,63.74,74.31,88.52,239.27,239.27,239.27,239.27,239.27,239.27
,,,,,,,,,,,,,,,,,,,,,ONTRAC_Ground_RegionalParcelDelivery1056,ONTRAC,ONTRAC_Ground_RegionalParcelDelivery,1056,29.91,29.91,38.28,42.44,53.04,63.79,74.54,89.73,242.81,242.81,242.81,242.81,242.81,242.81
,,,,,,,,,,,,,,,,,,,,,ONTRAC_Ground_RegionalParcelDelivery1072,ONTRAC,ONTRAC_Ground_RegionalParcelDelivery,1072,29.92,29.92,38.33,42.45,53.08,64.29,74.9,89.78,246.39,246.39,246.39,246.39,246.39,246.39
,,,,,,,,,,,,,,,,,,,,,ONTRAC_Ground_RegionalParcelDelivery1088,ONTRAC,ONTRAC_Ground_RegionalParcelDelivery,1088,30.25,30.25,39.0,45.02,54.2,65.24,76.04,89.84,249.79,249.79,249.79,249.79,249.79,249.79
,,,,,,,,,,,,,,,,,,,,,ONTRAC_Ground_RegionalParcelDelivery1104,ONTRAC,ONTRAC_Ground_RegionalParcelDelivery,1104,30.89,30.89,39.38,45.35,54.62,66.2,76.1,90.98,253.29,253.29,253.29,253.29,253.29,253.29
,,,,,,,,,,,,,,,,,,,,,ONTRAC_Ground_RegionalParcelDelivery1120,ONTRAC,ONTRAC_Ground_RegionalParcelDelivery,1120,30.91,30.91,39.92,45.99,56.52,66.9,76.16,90.99,256.41,256.41,256.41,256.41,256.41,256.41
,,,,,,,,,,,,,,,,,,,,,ONTRAC_Ground_RegionalParcelDelivery1136,ONTRAC,ONTRAC_Ground_RegionalParcelDelivery,1136,31.11,31.11,39.99,47.14,56.82,67.46,77.43,91.18,261.47,261.47,261.47,261.47,261.47,261.47
,,,,,,,,,,,,,,,,,,,,,ONTRAC_Ground_RegionalParcelDelivery1152,ONTRAC,ONTRAC_Ground_RegionalParcelDelivery,1152,32.0,32.0,40.0,48.13,57.26,68.58,80.73,91.32,265.21,265.21,265.21,265.21,265.21,265.21
,,,,,,,,,,,,,,,,,,,,,ONTRAC_Ground_RegionalParcelDelivery1168,ONTRAC,ONTRAC_Ground_RegionalParcelDelivery,1168,32.2,32.2,40.4,48.14,57.68,69.23,80.78,91.33,268.96,268.96,268.96,268.96,268.96,268.96
,,,,,,,,,,,,,,,,,,,,,ONTRAC_Ground_RegionalParcelDelivery1184,ONTRAC,ONTRAC_Ground_RegionalParcelDelivery,1184,33.04,33.04,40.41,48.15,58.12,70.37,80.88,91.34,269.82,269.82,269.82,269.82,269.82,269.82
,,,,,,,,,,,,,,,,,,,,,ONTRAC_Ground_RegionalParcelDelivery1200,ONTRAC,ONTRAC_Ground_RegionalParcelDelivery,1200,33.97,33.97,40.45,48.16,58.19,70.39,81.7,91.35,271.75,271.75,271.75,271.75,271.75,271.75
,,,,,,,,,,,,,,,,,,,,,ONTRAC_Ground_RegionalParcelDelivery1216,ONTRAC,ONTRAC_Ground_RegionalParcelDelivery,1216,36.93,36.93,42.71,48.47,59.54,71.95,83.03,92.25,275.0,275.0,275.0,275.0,275.0,275
,,,,,,,,,,,,,,,,,,,,,ONTRAC_Ground_RegionalParcelDelivery1232,ONTRAC,ONTRAC_Ground_RegionalParcelDelivery,1232,38.38,38.38,43.34,49.05,59.8,72.36,85.4,92.29,276.59,276.59,276.59,276.59,276.59,276.59
,,,,,,,,,,,,,,,,,,,,,ONTRAC_Ground_RegionalParcelDelivery1248,ONTRAC,ONTRAC_Ground_RegionalParcelDelivery,1248,38.43,38.43,44.97,50.5,60.44,72.81,86.03,92.3,278.6,278.6,278.6,278.6,278.6,278.6
,,,,,,,,,,,,,,,,,,,,,ONTRAC_Ground_RegionalParcelDelivery1264,ONTRAC,ONTRAC_Ground_RegionalParcelDelivery,1264,39.77,39.77,46.36,51.72,60.93,74.33,87.36,93.74,279.38,279.38,279.38,279.38,279.38,279.38
,,,,,,,,,,,,,,,,,,,,,ONTRAC_Ground_RegionalParcelDelivery1280,ONTRAC,ONTRAC_Ground_RegionalParcelDelivery,1280,41.25,41.25,47.73,51.99,62.85,76.28,89.08,94.76,280.82,280.82,280.82,280.82,280.82,280.82
,,,,,,,,,,,,,,,,,,,,,ONTRAC_Ground_RegionalParcelDelivery1296,ONTRAC,ONTRAC_Ground_RegionalParcelDelivery,1296,41.86,41.86,48.12,53.25,62.86,76.55,89.1,94.78,282.26,282.26,282.26,282.26,282.26,282.26
,,,,,,,,,,,,,,,,,,,,,ONTRAC_Ground_RegionalParcelDelivery1312,ONTRAC,ONTRAC_Ground_RegionalParcelDelivery,1312,43.19,43.19,48.82,55.66,64.83,76.97,91.4,95.4,283.56,283.56,283.56,283.56,283.56,283.56
,,,,,,,,,,,,,,,,,,,,,ONTRAC_Ground_RegionalParcelDelivery1328,ONTRAC,ONTRAC_Ground_RegionalParcelDelivery,1328,43.23,43.23,48.83,55.67,64.9,76.98,91.41,96.03,284.65,284.65,284.65,284.65,284.65,284.65
,,,,,,,,,,,,,,,,,,,,,ONTRAC_Ground_RegionalParcelDelivery1344,ONTRAC,ONTRAC_Ground_RegionalParcelDelivery,1344,45.38,45.38,51.25,57.29,65.53,78.87,92.5,96.08,287.84,287.84,287.84,287.84,287.84,287.84
,,,,,,,,,,,,,,,,,,,,,ONTRAC_Ground_RegionalParcelDelivery1360,ONTRAC,ONTRAC_Ground_RegionalParcelDelivery,1360,46.15,46.15,51.26,57.33,66.08,79.35,93.5,96.56,291.07,291.07,291.07,291.07,291.07,291.07
,,,,,,,,,,,,,,,,,,,,,ONTRAC_Ground_RegionalParcelDelivery1376,ONTRAC,ONTRAC_Ground_RegionalParcelDelivery,1376,48.3,48.3,54.11,59.57,67.84,81.05,96.13,99.52,294.07,294.07,294.07,294.07,294.07,294.07
,,,,,,,,,,,,,,,,,,,,,ONTRAC_Ground_RegionalParcelDelivery1392,ONTRAC,ONTRAC_Ground_RegionalParcelDelivery,1392,49.28,49.28,54.13,59.58,67.85,82.12,96.22,99.68,297.25,297.25,297.25,297.25,297.25,297.25
,,,,,,,,,,,,,,,,,,,,,ONTRAC_Ground_RegionalParcelDelivery1408,ONTRAC,ONTRAC_Ground_RegionalParcelDelivery,1408,50.85,50.85,54.82,60.99,69.51,82.42,96.32,100.77,300.47,300.47,300.47,300.47,300.47,300.47
,,,,,,,,,,,,,,,,,,,,,ONTRAC_Ground_RegionalParcelDelivery1424,ONTRAC,ONTRAC_Ground_RegionalParcelDelivery,1424,53.63,53.63,56.89,62.66,70.27,84.21,97.31,102.88,303.51,303.51,303.51,303.51,303.51,303.51
,,,,,,,,,,,,,,,,,,,,,ONTRAC_Ground_RegionalParcelDelivery1440,ONTRAC,ONTRAC_Ground_RegionalParcelDelivery,1440,56.87,56.87,59.35,65.32,72.34,85.41,99.56,105.9,307.7,307.7,307.7,307.7,307.7,307.7
,,,,,,,,,,,,,,,,,,,,,ONTRAC_Ground_RegionalParcelDelivery1456,ONTRAC,ONTRAC_Ground_RegionalParcelDelivery,1456,56.88,56.88,59.36,65.33,72.4,85.48,99.57,105.91,309.66,309.66,309.66,309.66,309.66,309.66
,,,,,,,,,,,,,,,,,,,,,ONTRAC_Ground_RegionalParcelDelivery1472,ONTRAC,ONTRAC_Ground_RegionalParcelDelivery,1472,58.15,58.15,59.86,65.67,72.96,86.35,99.58,105.96,312.55,312.55,312.55,312.55,312.55,312.55
,,,,,,,,,,,,,,,,,,,,,ONTRAC_Ground_RegionalParcelDelivery1488,ONTRAC,ONTRAC_Ground_RegionalParcelDelivery,1488,58.94,58.94,60.5,66.98,73.1,86.53,99.59,106.23,315.53,315.53,315.53,315.53,315.53,315.53
,,,,,,,,,,,,,,,,,,,,,ONTRAC_Ground_RegionalParcelDelivery1504,ONTRAC,ONTRAC_Ground_RegionalParcelDelivery,1504,59.24,59.24,62.08,67.3,74.05,88.62,99.61,107.32,318.42,318.42,318.42,318.42,318.42,318.42
,,,,,,,,,,,,,,,,,,,,,ONTRAC_Ground_RegionalParcelDelivery1520,ONTRAC,ONTRAC_Ground_RegionalParcelDelivery,1520,60.05,60.05,62.64,67.74,75.05,88.63,99.96,108.48,321.45,321.45,321.45,321.45,321.45,321.45
,,,,,,,,,,,,,,,,,,,,,ONTRAC_Ground_RegionalParcelDelivery1536,ONTRAC,ONTRAC_Ground_RegionalParcelDelivery,1536,61.38,61.38,63.06,70.23,75.31,88.64,99.97,109.55,324.28,324.28,324.28,324.28,324.28,324.28
,,,,,,,,,,,,,,,,,,,,,ONTRAC_Ground_RegionalParcelDelivery1552,ONTRAC,ONTRAC_Ground_RegionalParcelDelivery,1552,64.01,64.01,65.52,71.25,77.04,91.31,101.4,112.77,327.28,327.28,327.28,327.28,327.28,327.28
,,,,,,,,,,,,,,,,,,,,,ONTRAC_Ground_RegionalParcelDelivery1568,ONTRAC,ONTRAC_Ground_RegionalParcelDelivery,1568,64.86,64.86,65.95,71.26,77.94,92.35,101.41,112.78,330.14,330.14,330.14,330.14,330.14,330.14
,,,,,,,,,,,,,,,,,,,,,ONTRAC_Ground_RegionalParcelDelivery1584,ONTRAC,ONTRAC_Ground_RegionalParcelDelivery,1584,65.65,65.65,65.96,72.71,78.33,92.36,102.43,112.85,333.15,333.15,333.15,333.15,333.15,333.15
,,,,,,,,,,,,,,,,,,,,,ONTRAC_Ground_RegionalParcelDelivery1600,ONTRAC,ONTRAC_Ground_RegionalParcelDelivery,1600,66.16,66.16,66.82,72.72,78.81,92.77,102.5,112.92,336.17,336.17,336.17,336.17,336.17,336.17
,,,,,,,,,,,,,,,,,,,,,ONTRAC_Ground_RegionalParcelDelivery1616,ONTRAC,ONTRAC_Ground_RegionalParcelDelivery,1616,67.96,67.96,68.11,73.97,80.16,93.65,103.47,115.09,336.22,336.22,336.22,336.22,336.22,336.22
,,,,,,,,,,,,,,,,,,,,,ONTRAC_Ground_RegionalParcelDelivery1632,ONTRAC,ONTRAC_Ground_RegionalParcelDelivery,1632,67.97,67.97,68.12,73.98,80.17,93.66,103.48,115.14,336.32,336.32,336.32,336.32,336.32,336.32
,,,,,,,,,,,,,,,,,,,,,ONTRAC_Ground_RegionalParcelDelivery1648,ONTRAC,ONTRAC_Ground_RegionalParcelDelivery,1648,68.2,68.2,69.15,75.51,80.18,93.9,103.57,115.15,336.37,336.37,336.37,336.37,336.37,336.37
,,,,,,,,,,,,,,,,,,,,,ONTRAC_Ground_RegionalParcelDelivery1664,ONTRAC,ONTRAC_Ground_RegionalParcelDelivery,1664,68.21,68.21,69.16,75.52,80.19,93.91,103.58,115.16,337.54,337.54,337.54,337.54,337.54,337.54
,,,,,,,,,,,,,,,,,,,,,ONTRAC_Ground_RegionalParcelDelivery1680,ONTRAC,ONTRAC_Ground_RegionalParcelDelivery,1680,71.32,71.32,71.88,77.3,83.19,96.23,106.77,117.81,340.47,340.47,340.47,340.47,340.47,340.47
,,,,,,,,,,,,,,,,,,,,,ONTRAC_Ground_RegionalParcelDelivery1696,ONTRAC,ONTRAC_Ground_RegionalParcelDelivery,1696,71.82,71.82,72.26,77.43,83.2,96.24,106.78,117.82,343.56,343.56,343.56,343.56,343.56,343.56
,,,,,,,,,,,,,,,,,,,,,ONTRAC_Ground_RegionalParcelDelivery1712,ONTRAC,ONTRAC_Ground_RegionalParcelDelivery,1712,72.52,72.52,72.89,78.49,83.46,96.25,106.79,117.83,346.66,346.66,346.66,346.66,346.66,346.66
,,,,,,,,,,,,,,,,,,,,,ONTRAC_Ground_RegionalParcelDelivery1728,ONTRAC,ONTRAC_Ground_RegionalParcelDelivery,1728,72.53,72.53,72.99,78.5,83.47,97.11,106.8,117.84,349.43,349.43,349.43,349.43,349.43,349.43
,,,,,,,,,,,,,,,,,,,,,ONTRAC_Ground_RegionalParcelDelivery1744,ONTRAC,ONTRAC_Ground_RegionalParcelDelivery,1744,75.36,75.36,75.46,80.08,85.72,97.95,108.71,119.98,352.45,352.45,352.45,352.45,352.45,352.45
,,,,,,,,,,,,,,,,,,,,,ONTRAC_Ground_RegionalParcelDelivery1760,ONTRAC,ONTRAC_Ground_RegionalParcelDelivery,1760,76.74,76.74,77.27,81.77,87.22,100.67,111.53,123.34,355.55,355.55,355.55,355.55,355.55,355.55
,,,,,,,,,,,,,,,,,,,,,ONTRAC_Ground_RegionalParcelDelivery1776,ONTRAC,ONTRAC_Ground_RegionalParcelDelivery,1776,76.75,76.75,77.38,83.57,87.56,100.68,111.54,123.65,360.41,360.41,360.41,360.41,360.41,360.41
,,,,,,,,,,,,,,,,,,,,,ONTRAC_Ground_RegionalParcelDelivery1792,ONTRAC,ONTRAC_Ground_RegionalParcelDelivery,1792,76.91,76.91,78.23,83.58,87.57,101.48,111.55,123.66,365.31,365.31,365.31,365.31,365.31,365.31
,,,,,,,,,,,,,,,,,,,,,ONTRAC_Ground_RegionalParcelDelivery1808,ONTRAC,ONTRAC_Ground_RegionalParcelDelivery,1808,76.92,76.92,78.24,84.51,88.38,101.49,111.56,124.73,368.39,368.39,368.39,368.39,368.39,368.39
,,,,,,,,,,,,,,,,,,,,,ONTRAC_Ground_RegionalParcelDelivery1824,ONTRAC,ONTRAC_Ground_RegionalParcelDelivery,1824,78.47,78.47,79.92,85.62,90.1,104.18,114.35,127.9,371.53,371.53,371.53,371.53,371.53,371.53
,,,,,,,,,,,,,,,,,,,,,ONTRAC_Ground_RegionalParcelDelivery1840,ONTRAC,ONTRAC_Ground_RegionalParcelDelivery,1840,80.03,80.03,82.35,87.04,91.71,105.04,116.3,129.78,374.64,374.64,374.64,374.64,374.64,374.64
,,,,,,,,,,,,,,,,,,,,,ONTRAC_Ground_RegionalParcelDelivery1856,ONTRAC,ONTRAC_Ground_RegionalParcelDelivery,1856,80.89,80.89,82.62,88.17,92.12,105.52,117.97,129.83,377.62,377.62,377.62,377.62,377.62,377.62
,,,,,,,,,,,,,,,,,,,,,ONTRAC_Ground_RegionalParcelDelivery1872,ONTRAC,ONTRAC_Ground_RegionalParcelDelivery,1872,80.96,80.96,82.69,88.18,93.13,105.73,117.98,130.79,380.55,380.55,380.55,380.55,380.55,380.55
,,,,,,,,,,,,,,,,,,,,,ONTRAC_Ground_RegionalParcelDelivery1888,ONTRAC,ONTRAC_Ground_RegionalParcelDelivery,1888,82.59,82.59,83.66,88.28,93.4,107.5,117.99,131.54,383.5,383.5,383.5,383.5,383.5,383.5
,,,,,,,,,,,,,,,,,,,,,ONTRAC_Ground_RegionalParcelDelivery1904,ONTRAC,ONTRAC_Ground_RegionalParcelDelivery,1904,84.1,84.1,84.5,90.9,94.55,107.51,118.93,131.62,390.89,390.89,390.89,390.89,390.89,390.89
,,,,,,,,,,,,,,,,,,,,,ONTRAC_Ground_RegionalParcelDelivery1920,ONTRAC,ONTRAC_Ground_RegionalParcelDelivery,1920,85.67,85.67,85.79,90.91,94.75,108.37,119.37,131.81,394.04,394.04,394.04,394.04,394.04,394.04
,,,,,,,,,,,,,,,,,,,,,ONTRAC_Ground_RegionalParcelDelivery1936,ONTRAC,ONTRAC_Ground_RegionalParcelDelivery,1936,85.71,85.71,85.8,90.92,94.77,109.07,119.38,131.82,397.4,397.4,397.4,397.4,397.4,397.4
,,,,,,,,,,,,,,,,,,,,,ONTRAC_Ground_RegionalParcelDelivery1952,ONTRAC,ONTRAC_Ground_RegionalParcelDelivery,1952,86.55,86.55,88.28,91.92,96.34,110.77,122.4,135.39,400.68,400.68,400.68,400.68,400.68,400.68
,,,,,,,,,,,,,,,,,,,,,ONTRAC_Ground_RegionalParcelDelivery1968,ONTRAC,ONTRAC_Ground_RegionalParcelDelivery,1968,87.17,87.17,89.14,95.57,98.03,110.78,123.26,135.7,404.0,404.0,404.0,404.0,404.0,404
,,,,,,,,,,,,,,,,,,,,,ONTRAC_Ground_RegionalParcelDelivery1984,ONTRAC,ONTRAC_Ground_RegionalParcelDelivery,1984,87.27,87.27,89.24,95.67,98.04,111.29,123.27,135.97,407.32,407.32,407.32,407.32,407.32,407.32
,,,,,,,,,,,,,,,,,,,,,ONTRAC_Ground_RegionalParcelDelivery2000,ONTRAC,ONTRAC_Ground_RegionalParcelDelivery,2000,87.35,87.35,89.25,95.68,98.24,111.51,123.28,135.98,410.65,410.65,410.65,410.65,410.65,410.65
,,,,,,,,,,,,,,,,,,,,,ONTRAC_Ground_RegionalParcelDelivery2016,ONTRAC,ONTRAC_Ground_RegionalParcelDelivery,2016,89.95,89.95,90.13,96.66,98.25,112.18,123.52,140.5,413.93,413.93,413.93,413.93,413.93,413.93
,,,,,,,,,,,,,,,,,,,,,ONTRAC_Ground_RegionalParcelDelivery2032,ONTRAC,ONTRAC_Ground_RegionalParcelDelivery,2032,89.96,89.96,91.69,98.53,100.29,115.33,125.51,140.51,417.24,417.24,417.24,417.24,417.24,417.24
,,,,,,,,,,,,,,,,,,,,,ONTRAC_Ground_RegionalParcelDelivery2048,ONTRAC,ONTRAC_Ground_RegionalParcelDelivery,2048,90.75,90.75,91.7,98.54,101.18,115.56,125.76,142.87,420.54,420.54,420.54,420.54,420.54,420.54
,,,,,,,,,,,,,,,,,,,,,ONTRAC_Ground_RegionalParcelDelivery2064,ONTRAC,ONTRAC_Ground_RegionalParcelDelivery,2064,91.65,91.65,91.99,98.55,101.19,115.57,125.77,142.92,423.89,423.89,423.89,423.89,423.89,423.89
,,,,,,,,,,,,,,,,,,,,,ONTRAC_Ground_RegionalParcelDelivery2080,ONTRAC,ONTRAC_Ground_RegionalParcelDelivery,2080,91.91,91.91,92.02,98.72,101.2,115.58,127.41,146.18,431.29,431.29,431.29,431.29,431.29,431.29
,,,,,,,,,,,,,,,,,,,,,ONTRAC_Ground_RegionalParcelDelivery2096,ONTRAC,ONTRAC_Ground_RegionalParcelDelivery,2096,93.33,93.33,94.35,101.68,103.52,117.28,128.37,146.56,434.69,434.69,434.69,434.69,434.69,434.69
,,,,,,,,,,,,,,,,,,,,,ONTRAC_Ground_RegionalParcelDelivery2112,ONTRAC,ONTRAC_Ground_RegionalParcelDelivery,2112,94.27,94.27,94.39,101.69,103.53,117.29,128.38,146.57,438.04,438.04,438.04,438.04,438.04,438.04
,,,,,,,,,,,,,,,,,,,,,ONTRAC_Ground_RegionalParcelDelivery2128,ONTRAC,ONTRAC_Ground_RegionalParcelDelivery,2128,94.28,94.28,96.34,101.7,103.54,117.9,128.63,146.58,444.79,444.79,444.79,444.79,444.79,444.79
,,,,,,,,,,,,,,,,,,,,,ONTRAC_Ground_RegionalParcelDelivery2144,ONTRAC,ONTRAC_Ground_RegionalParcelDelivery,2144,95.87,95.87,97.0,103.3,105.99,120.82,131.72,147.97,444.85,444.85,444.85,444.85,444.85,444.85
,,,,,,,,,,,,,,,,,,,,,ONTRAC_Ground_RegionalParcelDelivery2160,ONTRAC,ONTRAC_Ground_RegionalParcelDelivery,2160,97.7,97.7,98.99,105.26,107.88,121.41,132.66,148.27,448.06,448.06,448.06,448.06,448.06,448.06
,,,,,,,,,,,,,,,,,,,,,ONTRAC_Ground_RegionalParcelDelivery2176,ONTRAC,ONTRAC_Ground_RegionalParcelDelivery,2176,98.42,98.42,99.23,106.97,108.81,122.32,134.38,149.72,451.39,451.39,451.39,451.39,451.39,451.39
,,,,,,,,,,,,,,,,,,,,,ONTRAC_Ground_RegionalParcelDelivery2192,ONTRAC,ONTRAC_Ground_RegionalParcelDelivery,2192,98.43,98.43,99.24,108.78,109.82,124.65,134.6,150.02,454.78,454.78,454.78,454.78,454.78,454.78
,,,,,,,,,,,,,,,,,,,,,ONTRAC_Ground_RegionalParcelDelivery2208,ONTRAC,ONTRAC_Ground_RegionalParcelDelivery,2208,100.26,100.26,101.76,109.31,109.91,124.66,134.61,152.7,458.14,458.14,458.14,458.14,458.14,458.14
,,,,,,,,,,,,,,,,,,,,,ONTRAC_Ground_RegionalParcelDelivery2224,ONTRAC,ONTRAC_Ground_RegionalParcelDelivery,2224,101.08,101.08,101.77,109.32,109.92,124.67,136.85,153.86,461.44,461.44,461.44,461.44,461.44,461.44
,,,,,,,,,,,,,,,,,,,,,ONTRAC_Ground_RegionalParcelDelivery2240,ONTRAC,ONTRAC_Ground_RegionalParcelDelivery,2240,101.99,101.99,102.78,109.58,111.42,125.02,136.86,153.88,464.63,464.63,464.63,464.63,464.63,464.63
,,,,,,,,,,,,,,,,,,,,,ONTRAC_Ground_RegionalParcelDelivery2256,ONTRAC,ONTRAC_Ground_RegionalParcelDelivery,2256,102.98,102.98,103.77,111.38,112.5,126.44,138.43,155.32,467.79,467.79,467.79,467.79,467.79,467.79
,,,,,,,,,,,,,,,,,,,,,ONTRAC_Ground_RegionalParcelDelivery2272,ONTRAC,ONTRAC_Ground_RegionalParcelDelivery,2272,104.3,104.3,104.31,112.37,113.39,126.9,140.35,155.91,471.03,471.03,471.03,471.03,471.03,471.03
,,,,,,,,,,,,,,,,,,,,,ONTRAC_Ground_RegionalParcelDelivery2288,ONTRAC,ONTRAC_Ground_RegionalParcelDelivery,2288,104.31,104.31,104.32,112.38,114.31,127.15,140.36,156.01,474.16,474.16,474.16,474.16,474.16,474.16
,,,,,,,,,,,,,,,,,,,,,ONTRAC_Ground_RegionalParcelDelivery2304,ONTRAC,ONTRAC_Ground_RegionalParcelDelivery,2304,107.16,107.16,108.7,116.53,117.65,130.28,143.71,160.27,477.35,477.35,477.35,477.35,477.35,477.35
,,,,,,,,,,,,,,,,,,,,,ONTRAC_Ground_RegionalParcelDelivery2320,ONTRAC,ONTRAC_Ground_RegionalParcelDelivery,2320,107.17,107.17,109.69,116.54,117.9,132.23,144.04,160.28,480.7,480.7,480.7,480.7,480.7,480.7
,,,,,,,,,,,,,,,,,,,,,ONTRAC_Ground_RegionalParcelDelivery2336,ONTRAC,ONTRAC_Ground_RegionalParcelDelivery,2336,107.18,107.18,110.41,116.69,117.91,132.24,144.05,160.3,484.07,484.07,484.07,484.07,484.07,484.07
,,,,,,,,,,,,,,,,,,,,,ONTRAC_Ground_RegionalParcelDelivery2352,ONTRAC,ONTRAC_Ground_RegionalParcelDelivery,2352,107.45,107.45,110.45,117.62,117.97,133.19,144.06,162.28,487.39,487.39,487.39,487.39,487.39,487.39
,,,,,,,,,,,,,,,,,,,,,ONTRAC_Ground_RegionalParcelDelivery2368,ONTRAC,ONTRAC_Ground_RegionalParcelDelivery,2368,107.55,107.55,110.46,118.35,119.87,133.63,144.08,162.3,495.48,495.48,495.48,495.48,495.48,495.48
,,,,,,,,,,,,,,,,,,,,,ONTRAC_Ground_RegionalParcelDelivery2384,ONTRAC,ONTRAC_Ground_RegionalParcelDelivery,2384,107.56,107.56,110.47,118.36,120.74,133.64,144.09,162.31,498.86,498.86,498.86,498.86,498.86,498.86
,,,,,,,,,,,,,,,,,,,,,ONTRAC_Ground_RegionalParcelDelivery2400,ONTRAC,ONTRAC_Ground_RegionalParcelDelivery,2400,107.57,107.57,110.5,118.6,121.77,133.9,144.37,162.63,507.04,507.04,507.04,507.04,507.04,507.04
,,,,,,,,,,,,,,,,,,,,,LZR_Ground_RegionalParcelDelivery416,LZR,LZR_Ground_RegionalParcelDelivery,416,19.34,19.34,22.29,23.98,28.67,35.1,42.52,48.53,123.4,123.4,123.4,123.4,123.4,123.4
,,,,,,,,,,,,,,,,,,,,,LZR_Ground_RegionalParcelDelivery432,LZR,LZR_Ground_RegionalParcelDelivery,432,19.88,19.88,22.82,24.46,29.15,36.52,43.31,49.34,126.63,126.63,126.63,126.63,126.63,126.63
,,,,,,,,,,,,,,,,,,,,,LZR_Ground_RegionalParcelDelivery448,LZR,LZR_Ground_RegionalParcelDelivery,448,20.34,20.34,23.37,25.4,30.8,38.3,45.25,51.23,129.81,129.81,129.81,129.81,129.81,129.81
,,,,,,,,,,,,,,,,,,,,,LZR_Ground_RegionalParcelDelivery464,LZR,LZR_Ground_RegionalParcelDelivery,464,20.36,20.36,23.81,25.79,30.85,39.39,46.28,52.6,132.41,132.41,132.41,132.41,132.41,132.41
,,,,,,,,,,,,,,,,,,,,,LZR_Ground_RegionalParcelDelivery480,LZR,LZR_Ground_RegionalParcelDelivery,480,20.56,20.56,24.39,26.77,32.07,40.03,46.51,54.78,135.42,135.42,135.42,135.42,135.42,135.42
,,,,,,,,,,,,,,,,,,,,,LZR_Ground_RegionalParcelDelivery496,LZR,LZR_Ground_RegionalParcelDelivery,496,21.51,21.51,24.96,27.39,32.55,40.99,48.24,56.53,135.5,135.5,135.5,135.5,135.5,135.5
,,,,,,,,,,,,,,,,,,,,,LZR_Ground_RegionalParcelDelivery512,LZR,LZR_Ground_RegionalParcelDelivery,512,21.52,21.52,24.97,27.4,32.56,41.2,48.25,57.15,136.45,136.45,136.45,136.45,136.45,136.45
,,,,,,,,,,,,,,,,,,,,,LZR_Ground_RegionalParcelDelivery528,LZR,LZR_Ground_RegionalParcelDelivery,528,21.6,21.6,25.34,28.63,34.09,43.57,49.84,58.7,139.17,139.17,139.17,139.17,139.17,139.17
,,,,,,,,,,,,,,,,,,,,,LZR_Ground_RegionalParcelDelivery544,LZR,LZR_Ground_RegionalParcelDelivery,544,21.61,21.61,25.91,29.54,35.28,43.8,51.33,61.51,142.02,142.02,142.02,142.02,142.02,142.02
,,,,,,,,,,,,,,,,,,,,,LZR_Ground_RegionalParcelDelivery560,LZR,LZR_Ground_RegionalParcelDelivery,560,22.01,22.01,27.08,30.28,35.86,44.55,52.65,61.95,145.31,145.31,145.31,145.31,145.31,145.31
,,,,,,,,,,,,,,,,,,,,,LZR_Ground_RegionalParcelDelivery576,LZR,LZR_Ground_RegionalParcelDelivery,576,22.35,22.35,27.29,30.76,37.22,46.42,54.44,64.38,148.52,148.52,148.52,148.52,148.52,148.52
,,,,,,,,,,,,,,,,,,,,,LZR_Ground_RegionalParcelDelivery592,LZR,LZR_Ground_RegionalParcelDelivery,592,22.84,22.84,27.65,31.23,37.76,46.63,56.2,65.01,151.77,151.77,151.77,151.77,151.77,151.77
,,,,,,,,,,,,,,,,,,,,,LZR_Ground_RegionalParcelDelivery608,LZR,LZR_Ground_RegionalParcelDelivery,608,23.02,23.02,28.08,32.06,38.67,47.68,56.42,66.22,155.19,155.19,155.19,155.19,155.19,155.19
,,,,,,,,,,,,,,,,,,,,,LZR_Ground_RegionalParcelDelivery624,LZR,LZR_Ground_RegionalParcelDelivery,624,23.97,23.97,29.17,33.42,39.95,49.58,58.64,67.58,158.08,158.08,158.08,158.08,158.08,158.08
,,,,,,,,,,,,,,,,,,,,,LZR_Ground_RegionalParcelDelivery640,LZR,LZR_Ground_RegionalParcelDelivery,640,23.99,23.99,29.3,33.44,40.03,49.92,58.65,67.6,161.19,161.19,161.19,161.19,161.19,161.19
,,,,,,,,,,,,,,,,,,,,,LZR_Ground_RegionalParcelDelivery656,LZR,LZR_Ground_RegionalParcelDelivery,656,24.53,24.53,30.54,34.4,41.39,51.94,60.46,70.5,164.11,164.11,164.11,164.11,164.11,164.11
,,,,,,,,,,,,,,,,,,,,,LZR_Ground_RegionalParcelDelivery672,LZR,LZR_Ground_RegionalParcelDelivery,672,24.55,24.55,30.65,35.74,41.44,52.23,61.49,70.51,167.03,167.03,167.03,167.03,167.03,167.03
,,,,,,,,,,,,,,,,,,,,,LZR_Ground_RegionalParcelDelivery688,LZR,LZR_Ground_RegionalParcelDelivery,688,25.0,25.0,31.1,35.8,43.63,55.07,63.72,72.43,170.25,170.25,170.25,170.25,170.25,170.25
,,,,,,,,,,,,,,,,,,,,,LZR_Ground_RegionalParcelDelivery704,LZR,LZR_Ground_RegionalParcelDelivery,704,25.37,25.37,31.57,36.71,44.41,55.24,65.35,73.18,173.52,173.52,173.52,173.52,173.52,173.52
,,,,,,,,,,,,,,,,,,,,,LZR_Ground_RegionalParcelDelivery720,LZR,LZR_Ground_RegionalParcelDelivery,720,25.39,25.39,31.58,36.72,44.43,55.4,66.98,73.69,176.7,176.7,176.7,176.7,176.7,176.7
,,,,,,,,,,,,,,,,,,,,,LZR_Ground_RegionalParcelDelivery736,LZR,LZR_Ground_RegionalParcelDelivery,736,26.11,26.11,31.91,37.9,45.5,56.86,67.7,75.65,179.94,179.94,179.94,179.94,179.94,179.94
,,,,,,,,,,,,,,,,,,,,,LZR_Ground_RegionalParcelDelivery752,LZR,LZR_Ground_RegionalParcelDelivery,752,26.14,26.14,32.63,38.51,45.83,57.67,69.02,76.87,183.18,183.18,183.18,183.18,183.18,183.18
,,,,,,,,,,,,,,,,,,,,,LZR_Ground_RegionalParcelDelivery768,LZR,LZR_Ground_RegionalParcelDelivery,768,26.15,26.15,32.64,38.89,47.24,58.49,70.17,78.68,186.19,186.19,186.19,186.19,186.19,186.19
,,,,,,,,,,,,,,,,,,,,,LZR_Ground_RegionalParcelDelivery784,LZR,LZR_Ground_RegionalParcelDelivery,784,26.16,26.16,32.65,38.97,47.26,59.37,71.59,79.14,189.25,189.25,189.25,189.25,189.25,189.25
,,,,,,,,,,,,,,,,,,,,,LZR_Ground_RegionalParcelDelivery800,LZR,LZR_Ground_RegionalParcelDelivery,800,26.17,26.17,32.66,38.99,47.31,59.44,71.67,79.65,192.28,192.28,192.28,192.28,192.28,192.28
,,,,,,,,,,,,,,,,,,,,,UDS_RegionalParcelDelivery416,UDS,UDS_RegionalParcelDelivery,416,19.34,19.34,22.29,23.98,28.67,35.1,42.52,48.53,123.4,123.4,123.4,123.4,123.4,123.4
,,,,,,,,,,,,,,,,,,,,,UDS_RegionalParcelDelivery432,UDS,UDS_RegionalParcelDelivery,432,19.88,19.88,22.82,24.46,29.15,36.52,43.31,49.34,126.63,126.63,126.63,126.63,126.63,126.63
,,,,,,,,,,,,,,,,,,,,,UDS_RegionalParcelDelivery448,UDS,UDS_RegionalParcelDelivery,448,20.34,20.34,23.37,25.4,30.8,38.3,45.25,51.23,129.81,129.81,129.81,129.81,129.81,129.81
,,,,,,,,,,,,,,,,,,,,,UDS_RegionalParcelDelivery464,UDS,UDS_RegionalParcelDelivery,464,20.36,20.36,23.81,25.79,30.85,39.39,46.28,52.6,132.41,132.41,132.41,132.41,132.41,132.41
,,,,,,,,,,,,,,,,,,,,,UDS_RegionalParcelDelivery480,UDS,UDS_RegionalParcelDelivery,480,20.56,20.56,24.39,26.77,32.07,40.03,46.51,54.78,135.42,135.42,135.42,135.42,135.42,135.42
,,,,,,,,,,,,,,,,,,,,,UDS_RegionalParcelDelivery496,UDS,UDS_RegionalParcelDelivery,496,21.51,21.51,24.96,27.39,32.55,40.99,48.24,56.53,135.5,135.5,135.5,135.5,135.5,135.5
,,,,,,,,,,,,,,,,,,,,,UDS_RegionalParcelDelivery512,UDS,UDS_RegionalParcelDelivery,512,21.52,21.52,24.97,27.4,32.56,41.2,48.25,57.15,136.45,136.45,136.45,136.45,136.45,136.45
,,,,,,,,,,,,,,,,,,,,,UDS_RegionalParcelDelivery528,UDS,UDS_RegionalParcelDelivery,528,21.6,21.6,25.34,28.63,34.09,43.57,49.84,58.7,139.17,139.17,139.17,139.17,139.17,139.17
,,,,,,,,,,,,,,,,,,,,,UDS_RegionalParcelDelivery544,UDS,UDS_RegionalParcelDelivery,544,21.61,21.61,25.91,29.54,35.28,43.8,51.33,61.51,142.02,142.02,142.02,142.02,142.02,142.02
,,,,,,,,,,,,,,,,,,,,,UDS_RegionalParcelDelivery560,UDS,UDS_RegionalParcelDelivery,560,22.01,22.01,27.08,30.28,35.86,44.55,52.65,61.95,145.31,145.31,145.31,145.31,145.31,145.31
,,,,,,,,,,,,,,,,,,,,,UDS_RegionalParcelDelivery576,UDS,UDS_RegionalParcelDelivery,576,22.35,22.35,27.29,30.76,37.22,46.42,54.44,64.38,148.52,148.52,148.52,148.52,148.52,148.52
,,,,,,,,,,,,,,,,,,,,,UDS_RegionalParcelDelivery592,UDS,UDS_RegionalParcelDelivery,592,22.84,22.84,27.65,31.23,37.76,46.63,56.2,65.01,151.77,151.77,151.77,151.77,151.77,151.77
,,,,,,,,,,,,,,,,,,,,,UDS_RegionalParcelDelivery608,UDS,UDS_RegionalParcelDelivery,608,23.02,23.02,28.08,32.06,38.67,47.68,56.42,66.22,155.19,155.19,155.19,155.19,155.19,155.19
,,,,,,,,,,,,,,,,,,,,,UDS_RegionalParcelDelivery624,UDS,UDS_RegionalParcelDelivery,624,23.97,23.97,29.17,33.42,39.95,49.58,58.64,67.58,158.08,158.08,158.08,158.08,158.08,158.08
,,,,,,,,,,,,,,,,,,,,,UDS_RegionalParcelDelivery640,UDS,UDS_RegionalParcelDelivery,640,23.99,23.99,29.3,33.44,40.03,49.92,58.65,67.6,161.19,161.19,161.19,161.19,161.19,161.19
,,,,,,,,,,,,,,,,,,,,,UDS_RegionalParcelDelivery656,UDS,UDS_RegionalParcelDelivery,656,24.53,24.53,30.54,34.4,41.39,51.94,60.46,70.5,164.11,164.11,164.11,164.11,164.11,164.11
,,,,,,,,,,,,,,,,,,,,,UDS_RegionalParcelDelivery672,UDS,UDS_RegionalParcelDelivery,672,24.55,24.55,30.65,35.74,41.44,52.23,61.49,70.51,167.03,167.03,167.03,167.03,167.03,167.03
,,,,,,,,,,,,,,,,,,,,,UDS_RegionalParcelDelivery688,UDS,UDS_RegionalParcelDelivery,688,25.0,25.0,31.1,35.8,43.63,55.07,63.72,72.43,170.25,170.25,170.25,170.25,170.25,170.25
,,,,,,,,,,,,,,,,,,,,,UDS_RegionalParcelDelivery704,UDS,UDS_RegionalParcelDelivery,704,25.37,25.37,31.57,36.71,44.41,55.24,65.35,73.18,173.52,173.52,173.52,173.52,173.52,173.52
,,,,,,,,,,,,,,,,,,,,,UDS_RegionalParcelDelivery720,UDS,UDS_RegionalParcelDelivery,720,25.39,25.39,31.58,36.72,44.43,55.4,66.98,73.69,176.7,176.7,176.7,176.7,176.7,176.7
,,,,,,,,,,,,,,,,,,,,,UDS_RegionalParcelDelivery736,UDS,UDS_RegionalParcelDelivery,736,26.11,26.11,31.91,37.9,45.5,56.86,67.7,75.65,179.94,179.94,179.94,179.94,179.94,179.94
,,,,,,,,,,,,,,,,,,,,,UDS_RegionalParcelDelivery752,UDS,UDS_RegionalParcelDelivery,752,26.14,26.14,32.63,38.51,45.83,57.67,69.02,76.87,183.18,183.18,183.18,183.18,183.18,183.18
,,,,,,,,,,,,,,,,,,,,,UDS_RegionalParcelDelivery768,UDS,UDS_RegionalParcelDelivery,768,26.15,26.15,32.64,38.89,47.24,58.49,70.17,78.68,186.19,186.19,186.19,186.19,186.19,186.19
,,,,,,,,,,,,,,,,,,,,,UDS_RegionalParcelDelivery784,UDS,UDS_RegionalParcelDelivery,784,26.16,26.16,32.65,38.97,47.26,59.37,71.59,79.14,189.25,189.25,189.25,189.25,189.25,189.25
,,,,,,,,,,,,,,,,,,,,,UDS_RegionalParcelDelivery800,UDS,UDS_RegionalParcelDelivery,800,26.17,26.17,32.66,38.99,47.31,59.44,71.67,79.65,192.28,192.28,192.28,192.28,192.28,192.28
,,,,,,,,,,,,,,,,,,,,,UDS_RegionalParcelDelivery816,UDS,UDS_RegionalParcelDelivery,816,26.23,26.23,32.67,39.09,47.4,59.75,72.04,81.66,197.12,197.12,197.12,197.12,197.12,197.12
,,,,,,,,,,,,,,,,,,,,,UDS_RegionalParcelDelivery832,UDS,UDS_RegionalParcelDelivery,832,26.24,26.24,32.69,39.12,47.42,59.76,72.05,81.67,197.48,197.48,197.48,197.48,197.48,197.48
,,,,,,,,,,,,,,,,,,,,,UDS_RegionalParcelDelivery848,UDS,UDS_RegionalParcelDelivery,848,26.25,26.25,32.76,39.13,47.7,59.77,72.06,82.47,200.3,200.3,200.3,200.3,200.3,200.3
,,,,,,,,,,,,,,,,,,,,,UDS_RegionalParcelDelivery864,UDS,UDS_RegionalParcelDelivery,864,26.26,26.26,32.81,39.2,47.79,59.78,72.07,82.52,203.32,203.32,203.32,203.32,203.32,203.32
,,,,,,,,,,,,,,,,,,,,,UDS_RegionalParcelDelivery880,UDS,UDS_RegionalParcelDelivery,880,26.27,26.27,32.85,39.21,48.02,59.85,72.08,82.6,206.38,206.38,206.38,206.38,206.38,206.38
,,,,,,,,,,,,,,,,,,,,,UDS_RegionalParcelDelivery896,UDS,UDS_RegionalParcelDelivery,896,26.28,26.28,32.9,39.26,48.03,59.87,72.15,82.75,209.38,209.38,209.38,209.38,209.38,209.38
,,,,,,,,,,,,,,,,,,,,,UDS_RegionalParcelDelivery912,UDS,UDS_RegionalParcelDelivery,912,26.76,26.76,33.03,39.32,49.47,59.92,72.21,84.31,212.62,212.62,212.62,212.62,212.62,212.62
,,,,,,,,,,,,,,,,,,,,,UDS_RegionalParcelDelivery928,UDS,UDS_RegionalParcelDelivery,928,26.77,26.77,33.05,39.33,49.52,59.93,72.27,84.36,215.63,215.63,215.63,215.63,215.63,215.63
,,,,,,,,,,,,,,,,,,,,,UDS_RegionalParcelDelivery944,UDS,UDS_RegionalParcelDelivery,944,26.84,26.84,33.07,39.61,49.53,60.26,72.43,85.71,218.84,218.84,218.84,218.84,218.84,218.84
,,,,,,,,,,,,,,,,,,,,,UDS_RegionalParcelDelivery960,UDS,UDS_RegionalParcelDelivery,960,27.53,27.53,34.35,40.28,51.26,61.38,72.44,86.24,222.06,222.06,222.06,222.06,222.06,222.06
,,,,,,,,,,,,,,,,,,,,,TFC_NextDay_RegionalParcelDelivery416,TFC,TFC_NextDay_RegionalParcelDelivery,416,19.34,19.34,22.29,23.98,28.67,35.1,42.52,48.53,123.4,123.4,123.4,123.4,123.4,123.4
,,,,,,,,,,,,,,,,,,,,,TFC_NextDay_RegionalParcelDelivery432,TFC,TFC_NextDay_RegionalParcelDelivery,432,19.88,19.88,22.82,24.46,29.15,36.52,43.31,49.34,126.63,126.63,126.63,126.63,126.63,126.63
,,,,,,,,,,,,,,,,,,,,,TFC_NextDay_RegionalParcelDelivery448,TFC,TFC_NextDay_RegionalParcelDelivery,448,20.34,20.34,23.37,25.4,30.8,38.3,45.25,51.23,129.81,129.81,129.81,129.81,129.81,129.81
,,,,,,,,,,,,,,,,,,,,,TFC_NextDay_RegionalParcelDelivery464,TFC,TFC_NextDay_RegionalParcelDelivery,464,20.36,20.36,23.81,25.79,30.85,39.39,46.28,52.6,132.41,132.41,132.41,132.41,132.41,132.41
,,,,,,,,,,,,,,,,,,,,,TFC_NextDay_RegionalParcelDelivery480,TFC,TFC_NextDay_RegionalParcelDelivery,480,20.56,20.56,24.39,26.77,32.07,40.03,46.51,54.78,135.42,135.42,135.42,135.42,135.42,135.42
